open_time,open,high,low,close,volume_coin,volume_usd,num_trades,close_time
2025-03-07 00:00:00+00:00,89931.88,91283.02,84667.03,86801.75,57980.35713,5097554826.613157,9510442,2025-03-07 23:59:59.999000+00:00
2025-03-08 00:00:00+00:00,86801.74,86897.25,85218.47,86222.45,12989.23054,1119358968.6520054,2553974,2025-03-08 23:59:59.999000+00:00
2025-03-09 00:00:00+00:00,86222.46,86500.0,80000.0,80734.37,26115.39345,2173552660.454479,5189138,2025-03-09 23:59:59.999000+00:00
2025-03-10 00:00:00+00:00,80734.48,84123.46,77459.91,78595.86,47633.38405,3834924947.758186,8701538,2025-03-10 23:59:59.999000+00:00
2025-03-11 00:00:00+00:00,78595.86,83617.4,76606.0,82932.99,48770.06853,3927000827.1107917,6983310,2025-03-11 23:59:59.999000+00:00
2025-03-12 00:00:00+00:00,82932.99,84539.85,80607.65,83680.12,31933.986,2638600996.825396,5253577,2025-03-12 23:59:59.999000+00:00
2025-03-13 00:00:00+00:00,83680.12,84336.33,79939.9,81115.78,27546.27412,2260870111.2393894,4367093,2025-03-13 23:59:59.999000+00:00
2025-03-14 00:00:00+00:00,81115.78,85309.71,80818.84,83983.2,26858.52755,2244729595.5411716,3290987,2025-03-14 23:59:59.999000+00:00
2025-03-15 00:00:00+00:00,83983.19,84676.28,83618.0,84338.44,11324.7332,953445671.8337505,1329670,2025-03-15 23:59:59.999000+00:00
2025-03-16 00:00:00+00:00,84338.44,85117.04,81981.12,82574.53,17596.12531,1468056556.2967227,2767947,2025-03-16 23:59:59.999000+00:00
2025-03-17 00:00:00+00:00,82574.52,84756.83,82456.0,84010.03,17214.74358,1437716814.0468738,3014756,2025-03-17 23:59:59.999000+00:00
2025-03-18 00:00:00+00:00,84010.02,84021.74,81134.66,82715.03,17610.89883,1450813055.479726,3126371,2025-03-18 23:59:59.999000+00:00
2025-03-19 00:00:00+00:00,82715.03,87000.0,82547.16,86845.94,28151.05374,2375813941.9437623,3774761,2025-03-19 23:59:59.999000+00:00
2025-03-20 00:00:00+00:00,86845.93,87453.67,83655.23,84223.39,22090.30463,1885241921.1556518,3252595,2025-03-20 23:59:59.999000+00:00
2025-03-21 00:00:00+00:00,84223.38,84850.33,83175.25,84088.79,11956.97443,1005135519.2560017,2360005,2025-03-21 23:59:59.999000+00:00
2025-03-22 00:00:00+00:00,84088.79,84539.17,83625.1,83840.59,5420.22114,456235443.8016522,864481,2025-03-22 23:59:59.999000+00:00
2025-03-23 00:00:00+00:00,83840.59,86129.64,83809.75,86082.5,8461.97813,718692319.1499038,1206533,2025-03-23 23:59:59.999000+00:00
2025-03-24 00:00:00+00:00,86082.5,88765.43,85519.09,87498.16,30115.62111,2636765917.9518433,2916713,2025-03-24 23:59:59.999000+00:00
2025-03-25 00:00:00+00:00,87498.16,88539.63,86310.0,87392.87,22643.25248,1979571590.8982937,2802815,2025-03-25 23:59:59.999000+00:00
2025-03-26 00:00:00+00:00,87392.88,88275.0,85860.0,86909.17,18408.78485,1606406955.5864632,2380154,2025-03-26 23:59:59.999000+00:00
2025-03-27 00:00:00+00:00,86909.17,87756.39,85800.0,87232.01,17098.03897,1487968807.7079022,2376381,2025-03-27 23:59:59.999000+00:00
2025-03-28 00:00:00+00:00,87232.01,87515.67,83585.0,84424.38,27182.73169,2309946560.664114,3236085,2025-03-28 23:59:59.999000+00:00
2025-03-29 00:00:00+00:00,84424.38,84624.73,81644.81,82648.54,11696.39864,970199917.9868716,2172387,2025-03-29 23:59:59.999000+00:00
2025-03-30 00:00:00+00:00,82648.53,83534.64,81565.0,82389.99,9864.49508,816584795.5288126,1907663,2025-03-30 23:59:59.999000+00:00
2025-03-31 00:00:00+00:00,82390.0,83943.08,81278.52,82550.01,20569.13885,1696009191.0809648,3964358,2025-03-31 23:59:59.999000+00:00
2025-04-01 00:00:00+00:00,82550.0,85579.46,82432.74,85158.34,20190.39697,1698895702.5754683,3328693,2025-04-01 23:59:59.999000+00:00
2025-04-02 00:00:00+00:00,85158.35,88500.0,82320.0,82516.29,39931.457,3417279759.830764,5338238,2025-04-02 23:59:59.999000+00:00
2025-04-03 00:00:00+00:00,82516.28,83998.02,81211.24,83213.09,27337.84135,2259299724.8643928,4117486,2025-04-03 23:59:59.999000+00:00
2025-04-04 00:00:00+00:00,83213.09,84720.0,81659.0,83889.87,32915.53976,2739842666.426737,4992586,2025-04-04 23:59:59.999000+00:00
2025-04-05 00:00:00+00:00,83889.87,84266.0,82379.95,83537.99,9360.40468,779626577.9013436,1575750,2025-04-05 23:59:59.999000+00:00
2025-04-06 00:00:00+00:00,83537.99,83817.63,77153.83,78430.0,27942.71436,2239085051.1529646,3948493,2025-04-06 23:59:59.999000+00:00
2025-04-07 00:00:00+00:00,78430.0,81243.58,74508.0,79163.24,78387.53089,6084614024.150647,9736596,2025-04-07 23:59:59.999000+00:00
2025-04-08 00:00:00+00:00,79163.24,80867.99,76239.9,76322.42,35317.32063,2775277777.102461,5512751,2025-04-08 23:59:59.999000+00:00
2025-04-09 00:00:00+00:00,76322.42,83588.0,74620.0,82615.22,75488.28772,5980231256.222496,7741252,2025-04-09 23:59:59.999000+00:00
2025-04-10 00:00:00+00:00,82615.22,82753.21,78464.36,79607.3,33284.80718,2690294353.8478427,4529545,2025-04-10 23:59:59.999000+00:00
2025-04-11 00:00:00+00:00,79607.3,84300.0,78969.58,83423.84,34435.43797,2830363945.1787524,4423157,2025-04-11 23:59:59.999000+00:00
2025-04-12 00:00:00+00:00,83423.83,85905.0,82792.95,85276.9,18470.74437,1557403252.9267516,2501196,2025-04-12 23:59:59.999000+00:00
2025-04-13 00:00:00+00:00,85276.91,86100.0,83034.23,83760.0,24680.04181,2086106375.4392555,3275879,2025-04-13 23:59:59.999000+00:00
2025-04-14 00:00:00+00:00,83760.0,85799.99,83678.0,84591.58,28659.09348,2429132805.0815287,3921522,2025-04-14 23:59:59.999000+00:00
2025-04-15 00:00:00+00:00,84591.58,86496.42,83600.0,83643.99,20910.99528,1780972414.3956008,2910533,2025-04-15 23:59:59.999000+00:00
2025-04-16 00:00:00+00:00,83643.99,85500.0,83111.64,84030.38,20867.24519,1753910031.2009242,3264730,2025-04-16 23:59:59.999000+00:00
2025-04-17 00:00:00+00:00,84030.38,85470.01,83736.26,84947.91,13728.84772,1161659427.386263,2003405,2025-04-17 23:59:59.999000+00:00
2025-04-18 00:00:00+00:00,84947.92,85132.08,84303.96,84474.69,6529.96315,552648483.647487,840009,2025-04-18 23:59:59.999000+00:00
2025-04-19 00:00:00+00:00,84474.7,85677.99,84364.45,85077.01,9666.58153,823222752.2842493,875226,2025-04-19 23:59:59.999000+00:00
2025-04-20 00:00:00+00:00,85077.0,85320.76,83949.52,85179.24,8091.67725,685253644.8918362,944130,2025-04-20 23:59:59.999000+00:00
2025-04-21 00:00:00+00:00,85179.24,88465.99,85144.76,87516.23,31773.37262,2773299591.467066,3041395,2025-04-21 23:59:59.999000+00:00
2025-04-22 00:00:00+00:00,87516.22,93888.0,87076.03,93442.99,43872.74705,3967785064.12817,3268475,2025-04-22 23:59:59.999000+00:00
2025-04-23 00:00:00+00:00,93442.99,94696.05,91935.41,93691.08,27404.16808,2560279933.947952,3016536,2025-04-23 23:59:59.999000+00:00
2025-04-24 00:00:00+00:00,93691.07,94005.0,91660.01,93980.47,19497.06071,1811120137.3146787,2797383,2025-04-24 23:59:59.999000+00:00
2025-04-25 00:00:00+00:00,93980.47,95758.04,92855.96,94638.68,27500.66648,2596877713.640173,3331828,2025-04-25 23:59:59.999000+00:00
2025-04-26 00:00:00+00:00,94638.68,95199.0,93870.69,94628.0,9415.06875,889627361.8414447,1475983,2025-04-26 23:59:59.999000+00:00
2025-04-27 00:00:00+00:00,94628.0,95369.0,93602.58,93749.3,11162.841,1052334792.1866189,1918160,2025-04-27 23:59:59.999000+00:00
2025-04-28 00:00:00+00:00,93749.29,95630.0,92800.01,95011.18,22157.53351,2092532996.5551717,3424740,2025-04-28 23:59:59.999000+00:00
2025-04-29 00:00:00+00:00,95011.18,95461.53,93742.54,94256.82,16955.3402,1607154803.4675477,3020875,2025-04-29 23:59:59.999000+00:00
2025-04-30 00:00:00+00:00,94256.82,95228.45,92910.0,94172.0,17661.2751,1664825670.9831252,3214149,2025-04-30 23:59:59.999000+00:00
2025-05-01 00:00:00+00:00,94172.0,97424.02,94130.43,96489.91,21380.45343,2053857614.2732673,2925716,2025-05-01 23:59:59.999000+00:00
2025-05-02 00:00:00+00:00,96489.9,97895.68,96350.0,96887.14,14905.74811,1446387651.5840576,2698263,2025-05-02 23:59:59.999000+00:00
2025-05-03 00:00:00+00:00,96887.13,96935.67,95753.01,95856.42,9723.34838,935906144.9651498,1181239,2025-05-03 23:59:59.999000+00:00
2025-05-04 00:00:00+00:00,95856.42,96304.48,94151.38,94277.62,11036.38342,1053542403.8531588,1674726,2025-05-04 23:59:59.999000+00:00
2025-05-05 00:00:00+00:00,94277.61,95199.0,93514.1,94733.68,17251.18189,1626999380.1759968,2623300,2025-05-05 23:59:59.999000+00:00
2025-05-06 00:00:00+00:00,94733.68,96920.65,93377.0,96834.02,16122.64513,1526847764.5636683,2512960,2025-05-06 23:59:59.999000+00:00
2025-05-07 00:00:00+00:00,96834.02,97732.0,95784.61,97030.5,16644.83854,1611730124.5924542,2849139,2025-05-07 23:59:59.999000+00:00
2025-05-08 00:00:00+00:00,97030.5,104145.76,96876.29,103261.6,34962.02847,3508645830.5650144,4991147,2025-05-08 23:59:59.999000+00:00
2025-05-09 00:00:00+00:00,103261.61,104361.3,102315.14,102971.99,27617.39907,2847518447.981513,4406929,2025-05-09 23:59:59.999000+00:00
2025-05-10 00:00:00+00:00,102971.99,104984.57,102818.76,104809.53,15324.78611,1588386278.502415,2227845,2025-05-10 23:59:59.999000+00:00
2025-05-11 00:00:00+00:00,104809.53,104972.0,103345.06,104118.0,17987.12197,1873381777.2124255,3100176,2025-05-11 23:59:59.999000+00:00
2025-05-12 00:00:00+00:00,104118.0,105819.45,100718.37,102791.32,31272.77792,3242348937.383069,5298407,2025-05-12 23:59:59.999000+00:00
2025-05-13 00:00:00+00:00,102791.32,104976.25,101429.7,104103.72,21253.42409,2197244118.152367,3703531,2025-05-13 23:59:59.999000+00:00
2025-05-14 00:00:00+00:00,104103.72,104356.95,102602.05,103507.82,16452.9081,1704708279.3884108,3025221,2025-05-14 23:59:59.999000+00:00
2025-05-15 00:00:00+00:00,103507.83,104192.7,101383.07,103763.71,17998.98604,1850183474.5292037,4139477,2025-05-15 23:59:59.999000+00:00
2025-05-16 00:00:00+00:00,103763.71,104550.33,103100.49,103463.9,15683.88024,1628832372.3241482,3237442,2025-05-16 23:59:59.999000+00:00
2025-05-17 00:00:00+00:00,103463.9,103709.86,102612.5,103126.65,11250.89622,1160418362.950618,2568597,2025-05-17 23:59:59.999000+00:00
2025-05-18 00:00:00+00:00,103126.65,106660.0,103105.09,106454.26,21599.98726,2262214972.0749383,3193300,2025-05-18 23:59:59.999000+00:00
2025-05-19 00:00:00+00:00,106454.27,107108.62,102000.0,105573.74,30260.03524,3150324504.5954514,4881371,2025-05-19 23:59:59.999000+00:00
2025-05-20 00:00:00+00:00,105573.73,107320.0,104184.72,106849.99,23705.48275,2509102444.669598,3878351,2025-05-20 23:59:59.999000+00:00
2025-05-21 00:00:00+00:00,106850.0,110797.38,106100.01,109643.99,45531.040345,4914709514.320026,6835279,2025-05-21 23:59:59.999000+00:00
2025-05-22 00:00:00+00:00,109643.99,111980.0,109177.37,111696.21,31630.77313,3509432834.573417,5794216,2025-05-22 23:59:59.999000+00:00
2025-05-23 00:00:00+00:00,111696.22,111800.0,106800.0,107318.3,31737.72309,3469704446.3904047,5251192,2025-05-23 23:59:59.999000+00:00
2025-05-24 00:00:00+00:00,107318.3,109506.03,106875.41,107761.91,16782.53129,1819958819.7748587,2805418,2025-05-24 23:59:59.999000+00:00
2025-05-25 00:00:00+00:00,107761.9,109299.99,106600.64,109004.19,17710.04695,1904366455.425858,3151168,2025-05-25 23:59:59.999000+00:00
2025-05-26 00:00:00+00:00,109004.2,110422.22,108670.58,109434.79,14649.11593,1605578282.107903,2887863,2025-05-26 23:59:59.999000+00:00
2025-05-27 00:00:00+00:00,109434.78,110718.0,107516.57,108938.17,21276.65635,2327603851.119265,3735509,2025-05-27 23:59:59.999000+00:00
2025-05-28 00:00:00+00:00,108938.17,109284.7,106769.43,107781.78,15633.78829,1689136748.5130312,2933262,2025-05-28 23:59:59.999000+00:00
2025-05-29 00:00:00+00:00,107781.78,108891.91,105322.86,105589.75,19834.70116,2128639017.5081618,3774926,2025-05-29 23:59:59.999000+00:00
2025-05-30 00:00:00+00:00,105589.75,106313.12,103621.0,103985.48,23706.49799,2493078549.591861,4307572,2025-05-30 23:59:59.999000+00:00
2025-05-31 00:00:00+00:00,103985.47,104900.0,103068.55,104591.88,11289.35922,1174000801.5070379,2343787,2025-05-31 23:59:59.999000+00:00
2025-06-01 00:00:00+00:00,104591.88,105866.91,103752.49,105642.93,9709.70006,1016188486.9505996,1939359,2025-06-01 23:59:59.999000+00:00
2025-06-02 00:00:00+00:00,105642.93,105935.63,103659.88,105857.99,13453.98813,1409004206.9863732,2997656,2025-06-02 23:59:59.999000+00:00
2025-06-03 00:00:00+00:00,105858.0,106794.67,104872.5,105376.89,13259.52634,1402493746.5993218,2470698,2025-06-03 23:59:59.999000+00:00
2025-06-04 00:00:00+00:00,105376.9,106000.0,104179.0,104696.86,14034.89482,1476928482.3688781,2274464,2025-06-04 23:59:59.999000+00:00
2025-06-05 00:00:00+00:00,104696.86,105909.71,100372.26,101508.68,22321.50154,2301567892.5305448,3963295,2025-06-05 23:59:59.999000+00:00
2025-06-06 00:00:00+00:00,101508.69,105333.0,101095.8,104288.44,15839.07385,1642382404.9355752,2709327,2025-06-06 23:59:59.999000+00:00
2025-06-07 00:00:00+00:00,104288.43,105900.0,103871.09,105552.15,8344.93206,877915380.9548231,1402494,2025-06-07 23:59:59.999000+00:00
2025-06-08 00:00:00+00:00,105552.15,106488.14,104964.14,105734.0,8048.06305,850887129.4282976,1295154,2025-06-08 23:59:59.999000+00:00
2025-06-09 00:00:00+00:00,105734.01,110530.17,105318.37,110263.02,19975.37451,2154922022.221173,2839846,2025-06-09 23:59:59.999000+00:00
2025-06-10 00:00:00+00:00,110263.02,110400.0,108331.03,110274.39,17071.82839,1867620550.192173,3003420,2025-06-10 23:59:59.999000+00:00
2025-06-11 00:00:00+00:00,110274.39,110392.01,108064.0,108645.12,13115.91638,1434884639.7506304,2667014,2025-06-11 23:59:59.999000+00:00
2025-06-12 00:00:00+00:00,108645.13,108813.55,105671.72,105671.73,17778.67218,1908309274.0868344,3517420,2025-06-12 23:59:59.999000+00:00
2025-06-13 00:00:00+00:00,105671.74,106179.53,102664.31,106066.59,26180.81734,2735461890.6929703,5452577,2025-06-13 23:59:59.999000+00:00
2025-06-14 00:00:00+00:00,106066.59,106252.0,104300.0,105414.64,8798.93969,925568614.1784065,1521776,2025-06-14 23:59:59.999000+00:00
2025-06-15 00:00:00+00:00,105414.63,106128.57,104494.53,105594.01,7164.20047,754596887.8748004,1564768,2025-06-15 23:59:59.999000+00:00
2025-06-16 00:00:00+00:00,105594.02,108952.38,104980.37,106794.53,14922.6654,1599849840.7325244,2928998,2025-06-16 23:59:59.999000+00:00
2025-06-17 00:00:00+00:00,106794.53,107771.34,103371.02,104551.17,17866.33025,1883173484.8990998,3723010,2025-06-17 23:59:59.999000+00:00
2025-06-18 00:00:00+00:00,104551.17,105550.27,103500.0,104886.78,13968.64167,1461383024.3622093,3468170,2025-06-18 23:59:59.999000+00:00
2025-06-19 00:00:00+00:00,104886.79,105226.17,103929.27,104658.59,7678.60737,803402575.962045,1718045,2025-06-19 23:59:59.999000+00:00
2025-06-20 00:00:00+00:00,104658.59,106524.65,102345.0,103297.99,16419.06283,1714411911.0114017,3029404,2025-06-20 23:59:59.999000+00:00
2025-06-21 00:00:00+00:00,103297.98,103982.64,100837.9,102120.01,11154.21332,1144829784.7306418,2172578,2025-06-21 23:59:59.999000+00:00
2025-06-22 00:00:00+00:00,102120.02,103399.62,98200.0,100963.87,28746.41072,2892695407.8086877,5121309,2025-06-22 23:59:59.999000+00:00
2025-06-23 00:00:00+00:00,100963.87,106074.2,99613.33,105333.93,27666.50609,2836166831.044449,4944207,2025-06-23 23:59:59.999000+00:00
2025-06-24 00:00:00+00:00,105333.94,106290.0,104622.02,106083.0,14651.69335,1543451113.4563613,2973481,2025-06-24 23:59:59.999000+00:00
2025-06-25 00:00:00+00:00,106083.0,108135.3,105808.03,107340.58,16701.15551,1789545470.94629,2988892,2025-06-25 23:59:59.999000+00:00
2025-06-26 00:00:00+00:00,107340.59,108272.45,106562.5,106947.06,10573.27279,1136093974.6816013,2597742,2025-06-26 23:59:59.999000+00:00
2025-06-27 00:00:00+00:00,106947.06,107735.34,106356.76,107047.59,12232.44042,1308420348.9100094,2304499,2025-06-27 23:59:59.999000+00:00
2025-06-28 00:00:00+00:00,107047.58,107577.75,106811.51,107296.79,3282.17352,352025390.6031135,653305,2025-06-28 23:59:59.999000+00:00
2025-06-29 00:00:00+00:00,107296.79,108528.5,107172.52,108356.93,6831.7364,736708189.9495684,1223202,2025-06-29 23:59:59.999000+00:00
2025-06-30 00:00:00+00:00,108356.93,108789.99,106733.33,107146.5,9754.12491,1050407152.345058,1773485,2025-06-30 23:59:59.999000+00:00
2025-07-01 00:00:00+00:00,107146.51,107540.0,105250.85,105681.14,10505.62437,1117432945.8926365,2013289,2025-07-01 23:59:59.999000+00:00
2025-07-02 00:00:00+00:00,105681.13,109730.0,105100.19,108849.6,17691.89592,1915699005.8772898,2444708,2025-07-02 23:59:59.999000+00:00
2025-07-03 00:00:00+00:00,108849.59,110529.18,108530.4,109584.78,13047.08225,1429459048.6383262,2568944,2025-07-03 23:59:59.999000+00:00
2025-07-04 00:00:00+00:00,109584.77,109767.59,107245.0,107984.24,11793.86615,1276215111.6683652,1975212,2025-07-04 23:59:59.999000+00:00
2025-07-05 00:00:00+00:00,107984.25,108420.56,107756.31,108198.12,3736.9757,403928702.1967476,710020,2025-07-05 23:59:59.999000+00:00
2025-07-06 00:00:00+00:00,108198.12,109700.0,107800.01,109203.84,6447.607,700733299.5112199,1256591,2025-07-06 23:59:59.999000+00:00
2025-07-07 00:00:00+00:00,109203.85,109700.0,107513.2,108262.94,9405.37601,1020848316.0537041,1961940,2025-07-07 23:59:59.999000+00:00
2025-07-08 00:00:00+00:00,108262.94,109216.56,107429.57,108922.98,9216.0208,1000112813.4398943,1723244,2025-07-08 23:59:59.999000+00:00
2025-07-09 00:00:00+00:00,108922.99,111999.79,108324.53,111233.99,17282.2865,1902054744.194924,2328484,2025-07-09 23:59:59.999000+00:00
2025-07-10 00:00:00+00:00,111234.0,116868.0,110500.0,116010.0,24883.450665,2826460280.4452233,3227017,2025-07-10 23:59:59.999000+00:00
2025-07-11 00:00:00+00:00,116010.01,118869.98,115222.22,117527.66,25873.521148,3039521803.027247,3708194,2025-07-11 23:59:59.999000+00:00
2025-07-12 00:00:00+00:00,117527.66,118200.0,116900.05,117420.0,8446.60437,993093353.4068904,1441851,2025-07-12 23:59:59.999000+00:00
2025-07-13 00:00:00+00:00,117420.0,119488.0,117224.79,119086.64,9550.792947,1132096857.0116916,1650283,2025-07-13 23:59:59.999000+00:00
2025-07-14 00:00:00+00:00,119086.65,123218.0,118905.18,119841.18,27269.348877,3299746181.0770736,4076133,2025-07-14 23:59:59.999000+00:00
2025-07-15 00:00:00+00:00,119841.17,119940.83,115736.92,117758.09,32018.46083,3755258445.553272,3805374,2025-07-15 23:59:59.999000+00:00
2025-07-16 00:00:00+00:00,117758.08,120063.84,117017.29,118630.43,17039.90851,2023850383.7234874,2429625,2025-07-16 23:59:59.999000+00:00
2025-07-17 00:00:00+00:00,118630.44,120998.71,117453.57,119177.56,15728.57651,1869114355.1231644,2347985,2025-07-17 23:59:59.999000+00:00
2025-07-18 00:00:00+00:00,119177.56,120820.71,116812.76,117924.84,19924.66266,2367355518.470308,2805236,2025-07-18 23:59:59.999000+00:00
2025-07-19 00:00:00+00:00,117924.84,118499.9,117277.34,117840.0,6635.80306,783327898.4969696,1133382,2025-07-19 23:59:59.999000+00:00
2025-07-20 00:00:00+00:00,117840.01,118856.8,116467.02,117265.12,12962.92889,1528864683.816082,1615935,2025-07-20 23:59:59.999000+00:00
2025-07-21 00:00:00+00:00,117265.11,119676.73,116515.0,117380.36,17107.33128,2020783266.9633648,2509543,2025-07-21 23:59:59.999000+00:00
2025-07-22 00:00:00+00:00,117380.36,120247.8,116128.0,119954.42,20959.12973,2481252763.651911,2778733,2025-07-22 23:59:59.999000+00:00
2025-07-23 00:00:00+00:00,119954.43,120090.0,117301.0,118755.99,14558.75083,1722126986.886661,2101404,2025-07-23 23:59:59.999000+00:00
2025-07-24 00:00:00+00:00,118756.0,119450.0,117103.1,118340.99,15806.89043,1873181653.2018075,2081435,2025-07-24 23:59:59.999000+00:00
2025-07-25 00:00:00+00:00,118340.98,118451.57,114723.16,117614.31,38406.34873,4456778786.620494,3282355,2025-07-25 23:59:59.999000+00:00
2025-07-26 00:00:00+00:00,117614.31,118297.35,117138.38,117919.99,6991.67206,823629079.7493103,790372,2025-07-26 23:59:59.999000+00:00
2025-07-27 00:00:00+00:00,117919.99,119766.65,117825.5,119415.55,9328.30919,1107883542.1607983,1095080,2025-07-27 23:59:59.999000+00:00
2025-07-28 00:00:00+00:00,119415.56,119800.0,117427.5,118062.32,13961.74754,1655882235.896518,1824777,2025-07-28 23:59:59.999000+00:00
2025-07-29 00:00:00+00:00,118062.32,119273.36,116950.75,117950.76,15137.93445,1788682083.6856463,1956694,2025-07-29 23:59:59.999000+00:00
2025-07-30 00:00:00+00:00,117950.75,118792.0,115796.23,117840.3,15586.73631,1832696878.222986,1997369,2025-07-30 23:59:59.999000+00:00
2025-07-31 00:00:00+00:00,117840.29,118922.45,115500.0,115764.08,17010.0073,2002870016.7022426,1859532,2025-07-31 23:59:59.999000+00:00
2025-08-01 00:00:00+00:00,115764.07,116052.0,112722.58,113297.93,24487.10206,2810268577.15137,4160829,2025-08-01 23:59:59.999000+00:00
2025-08-02 00:00:00+00:00,113297.92,114063.49,112003.0,112546.35,11507.33428,1301882737.326722,2165714,2025-08-02 23:59:59.999000+00:00
2025-08-03 00:00:00+00:00,112546.35,114799.97,111920.0,114208.8,7397.76046,841090034.1542541,1419281,2025-08-03 23:59:59.999000+00:00
2025-08-04 00:00:00+00:00,114208.81,115720.0,114107.6,115055.03,9667.67916,1109938874.0629709,1954230,2025-08-04 23:59:59.999000+00:00
2025-08-05 00:00:00+00:00,115055.03,115127.81,112650.0,114129.75,12042.79078,1371861747.1466167,2581052,2025-08-05 23:59:59.999000+00:00
2025-08-06 00:00:00+00:00,114129.75,115716.0,113355.13,114992.27,9761.15318,1118028732.8589184,2026500,2025-08-06 23:59:59.999000+00:00
2025-08-07 00:00:00+00:00,114992.27,117621.0,114259.0,117472.01,13468.56263,1564454297.836927,2314671,2025-08-07 23:59:59.999000+00:00
2025-08-08 00:00:00+00:00,117472.02,117630.0,115878.71,116674.74,10045.31278,1172199778.7242546,2095304,2025-08-08 23:59:59.999000+00:00
2025-08-09 00:00:00+00:00,116674.74,117944.05,116299.13,116462.25,9514.13144,1111837601.7023723,1390951,2025-08-09 23:59:59.999000+00:00
2025-08-10 00:00:00+00:00,116462.25,119311.11,116460.63,119294.01,14322.77073,1694198747.8718708,2317065,2025-08-10 23:59:59.999000+00:00
2025-08-11 00:00:00+00:00,119294.27,122335.16,118050.11,118686.0,26494.33429,3194611530.5410695,4021743,2025-08-11 23:59:59.999000+00:00
2025-08-12 00:00:00+00:00,118686.0,120324.43,118207.47,120134.08,16720.10893,1992762473.5852578,2737841,2025-08-12 23:59:59.999000+00:00
2025-08-13 00:00:00+00:00,120134.09,123667.79,118920.92,123306.43,23210.07102,2811581348.3874574,3712817,2025-08-13 23:59:59.999000+00:00
2025-08-14 00:00:00+00:00,123306.44,124474.0,117180.0,118295.09,27980.947586,3359128391.108524,4350449,2025-08-14 23:59:59.999000+00:00
2025-08-15 00:00:00+00:00,118295.09,119216.82,116803.99,117342.05,13623.33874,1607609329.685101,2895016,2025-08-15 23:59:59.999000+00:00
2025-08-16 00:00:00+00:00,117342.04,117898.99,117143.98,117380.66,6393.68117,751719391.7723638,1179842,2025-08-16 23:59:59.999000+00:00
2025-08-17 00:00:00+00:00,117380.66,118575.0,117172.21,117405.01,5898.64192,695629197.9038073,1177563,2025-08-17 23:59:59.999000+00:00
2025-08-18 00:00:00+00:00,117405.01,117543.75,114640.14,116227.05,17745.93954,2053814085.4717774,3346280,2025-08-18 23:59:59.999000+00:00
2025-08-19 00:00:00+00:00,116227.05,116725.69,112732.58,112872.94,18065.47424,2065010895.8584664,3291182,2025-08-19 23:59:59.999000+00:00
2025-08-20 00:00:00+00:00,112872.95,114615.38,112380.0,114271.24,15636.34194,1776149566.1247735,2998370,2025-08-20 23:59:59.999000+00:00
2025-08-21 00:00:00+00:00,114271.23,114821.76,112015.67,112500.0,10839.69235,1227373788.615563,2357380,2025-08-21 23:59:59.999000+00:00
2025-08-22 00:00:00+00:00,112500.0,117429.05,111684.79,116935.99,23128.09037,2656625122.2777867,3438518,2025-08-22 23:59:59.999000+00:00
2025-08-23 00:00:00+00:00,116936.0,117030.0,114560.0,115438.05,11329.36197,1308825428.0143585,1559569,2025-08-23 23:59:59.999000+00:00
2025-08-24 00:00:00+00:00,115438.06,115666.68,110680.0,113493.59,21175.98462,2411284606.1891766,2573906,2025-08-24 23:59:59.999000+00:00
2025-08-25 00:00:00+00:00,113493.59,113667.28,109274.1,110111.98,25182.79379,2805570653.631023,4695718,2025-08-25 23:59:59.999000+00:00
2025-08-26 00:00:00+00:00,110111.98,112371.0,108666.66,111763.22,18452.43877,2033437347.4999392,4077474,2025-08-26 23:59:59.999000+00:00
2025-08-27 00:00:00+00:00,111763.22,112625.0,110345.42,111262.01,13392.60875,1493774927.190832,3111496,2025-08-27 23:59:59.999000+00:00
2025-08-28 00:00:00+00:00,111262.01,113485.9,110862.42,112566.9,11104.27744,1250788481.9453218,2066780,2025-08-28 23:59:59.999000+00:00
2025-08-29 00:00:00+00:00,112566.9,112638.64,107463.9,108377.4,22580.31045,2475492492.57753,3606959,2025-08-29 23:59:59.999000+00:00
2025-08-30 00:00:00+00:00,108377.4,108926.15,107350.1,108816.33,10708.39159,1160666772.7387524,1411040,2025-08-30 23:59:59.999000+00:00
2025-08-31 00:00:00+00:00,108816.33,109480.02,108076.93,108246.35,9489.51596,1031806894.3513318,1366633,2025-08-31 23:59:59.999000+00:00
2025-09-01 00:00:00+00:00,108246.36,109912.4,107255.0,109237.42,16053.60219,1742516638.781135,2729384,2025-09-01 23:59:59.999000+00:00
2025-09-02 00:00:00+00:00,109237.43,111771.52,108393.39,111240.01,18510.28756,2042681451.9016385,2596328,2025-09-02 23:59:59.999000+00:00
2025-09-03 00:00:00+00:00,111240.01,112575.27,110528.71,111705.71,11773.72084,1313762617.3436644,2214249,2025-09-03 23:59:59.999000+00:00
2025-09-04 00:00:00+00:00,111705.72,112180.0,109329.12,110730.87,12203.13536,1349031325.5320847,2230255,2025-09-04 23:59:59.999000+00:00
2025-09-05 00:00:00+00:00,110730.87,113384.62,110206.96,110659.99,21587.40888,2413132200.623325,2970419,2025-09-05 23:59:59.999000+00:00
2025-09-06 00:00:00+00:00,110660.0,111307.7,109977.0,110187.97,5000.29897,552785936.5434699,795201,2025-09-06 23:59:59.999000+00:00
2025-09-07 00:00:00+00:00,110187.98,111600.0,110180.0,111137.34,5681.29944,630447950.1588689,874961,2025-09-07 23:59:59.999000+00:00
2025-09-08 00:00:00+00:00,111137.35,112924.37,110621.78,112065.23,11582.40211,1295903862.4649603,1744598,2025-09-08 23:59:59.999000+00:00
2025-09-09 00:00:00+00:00,112065.23,113293.29,110766.66,111546.39,15379.28248,1721465997.906366,2143242,2025-09-09 23:59:59.999000+00:00
2025-09-10 00:00:00+00:00,111546.38,114313.13,110917.45,113960.0,17517.41823,1978834750.2223115,2182534,2025-09-10 23:59:59.999000+00:00
2025-09-11 00:00:00+00:00,113960.0,115488.09,113430.0,115482.69,13676.73119,1562241144.956541,2166359,2025-09-11 23:59:59.999000+00:00
2025-09-12 00:00:00+00:00,115482.69,116665.63,114740.99,116029.42,15324.10719,1772122269.5018635,2481491,2025-09-12 23:59:59.999000+00:00
2025-09-13 00:00:00+00:00,116029.41,116298.78,115127.27,115918.29,8269.40394,957724220.6497611,1223635,2025-09-13 23:59:59.999000+00:00
2025-09-14 00:00:00+00:00,115918.29,116165.19,115135.0,115268.01,6707.60197,775762364.9685991,1237218,2025-09-14 23:59:59.999000+00:00
2025-09-15 00:00:00+00:00,115268.01,116757.99,114384.0,115349.71,13212.51149,1522648235.2235153,2857989,2025-09-15 23:59:59.999000+00:00
2025-09-16 00:00:00+00:00,115349.71,116964.27,114737.11,116788.96,10926.9094,1265779287.5169268,2047058,2025-09-16 23:59:59.999000+00:00
2025-09-17 00:00:00+00:00,116788.96,117286.73,114720.81,116447.59,16754.2454,1946083704.6217456,3227418,2025-09-17 23:59:59.999000+00:00
2025-09-18 00:00:00+00:00,116447.6,117900.0,116092.76,117073.53,11657.23365,1367513347.4865093,2252654,2025-09-18 23:59:59.999000+00:00
2025-09-19 00:00:00+00:00,117073.53,117459.99,115100.0,115632.38,8992.09065,1045792401.4532388,1732471,2025-09-19 23:59:59.999000+00:00
2025-09-20 00:00:00+00:00,115632.39,116121.81,115408.47,115685.63,4674.92752,541264273.2416894,740451,2025-09-20 23:59:59.999000+00:00
2025-09-21 00:00:00+00:00,115685.63,115819.06,115188.0,115232.29,4511.52219,521299751.1504096,945965,2025-09-21 23:59:59.999000+00:00
2025-09-22 00:00:00+00:00,115232.29,115379.25,111800.0,112650.99,20781.71356,2348872511.698875,3045876,2025-09-22 23:59:59.999000+00:00
2025-09-23 00:00:00+00:00,112650.99,113290.5,111458.73,111998.8,12301.3203,1383869800.273703,2455729,2025-09-23 23:59:59.999000+00:00
2025-09-24 00:00:00+00:00,111998.8,113940.0,111042.66,113307.0,12369.25967,1394470628.502582,2229837,2025-09-24 23:59:59.999000+00:00
2025-09-25 00:00:00+00:00,113307.01,113510.23,108631.51,108994.49,21231.14957,2356639689.925215,4409953,2025-09-25 23:59:59.999000+00:00
2025-09-26 00:00:00+00:00,108994.49,110300.0,108620.07,109643.46,14243.01591,1557098915.9392595,3257155,2025-09-26 23:59:59.999000+00:00
2025-09-27 00:00:00+00:00,109643.46,109743.91,109064.4,109635.85,5501.78643,601947588.9970765,919594,2025-09-27 23:59:59.999000+00:00
2025-09-28 00:00:00+00:00,109635.85,112350.0,109189.99,112163.95,7542.3316,832254944.3203353,1484866,2025-09-28 23:59:59.999000+00:00
2025-09-29 00:00:00+00:00,112163.96,114400.0,111560.65,114311.96,15541.12005,1755247635.871136,2442653,2025-09-29 23:59:59.999000+00:00
2025-09-30 00:00:00+00:00,114311.97,114792.0,112656.27,114048.93,15044.15633,1710713267.1300955,3018331,2025-09-30 23:59:59.999000+00:00
2025-10-01 00:00:00+00:00,114048.94,118649.1,113966.67,118594.99,20036.39516,2332096981.2659335,3430343,2025-10-01 23:59:59.999000+00:00
2025-10-02 00:00:00+00:00,118594.99,121022.07,118279.31,120529.35,19670.83503,2349861127.3445807,3472073,2025-10-02 23:59:59.999000+00:00
2025-10-03 00:00:00+00:00,120529.35,123894.99,119248.3,122232.0,23936.328,2907381076.6813188,4246820,2025-10-03 23:59:59.999000+00:00
2025-10-04 00:00:00+00:00,122232.21,122800.0,121510.0,122391.0,8208.16678,1002272903.3446472,1703590,2025-10-04 23:59:59.999000+00:00
2025-10-05 00:00:00+00:00,122390.99,125708.42,122136.0,123482.31,22043.097553,2730817470.939564,3690670,2025-10-05 23:59:59.999000+00:00
2025-10-06 00:00:00+00:00,123482.32,126199.63,123084.0,124658.54,19494.628793,2428828952.2653184,4206167,2025-10-06 23:59:59.999000+00:00
2025-10-07 00:00:00+00:00,124658.54,125126.0,120574.94,121332.95,21633.99385,2657405799.8705487,4390785,2025-10-07 23:59:59.999000+00:00
2025-10-08 00:00:00+00:00,121332.96,124197.25,121066.14,123306.0,17012.618,2084842842.441617,4184997,2025-10-08 23:59:59.999000+00:00
2025-10-09 00:00:00+00:00,123306.01,123762.94,119651.47,121662.4,21559.36007,2621438087.566733,4231167,2025-10-09 23:59:59.999000+00:00
2025-10-10 00:00:00+00:00,121662.41,122550.0,102000.0,112774.5,64171.93927,7349750905.041158,11404522,2025-10-10 23:59:59.999000+00:00
2025-10-11 00:00:00+00:00,112774.49,113322.39,109561.59,110644.4,35448.51652,3961069473.2311363,6661929,2025-10-11 23:59:59.999000+00:00
2025-10-12 00:00:00+00:00,110644.4,115770.0,109565.06,114958.8,32255.30272,3638546528.7401557,6048575,2025-10-12 23:59:59.999000+00:00
2025-10-13 00:00:00+00:00,114958.81,115963.81,113616.5,115166.0,22557.24033,2591831660.9857492,5739352,2025-10-13 23:59:59.999000+00:00
2025-10-14 00:00:00+00:00,115166.0,115409.96,109866.0,113028.14,31870.32974,3578140778.808499,7425642,2025-10-14 23:59:59.999000+00:00
2025-10-15 00:00:00+00:00,113028.13,113612.35,110164.0,110763.28,22986.48811,2569639641.3527684,5243141,2025-10-15 23:59:59.999000+00:00
2025-10-16 00:00:00+00:00,110763.28,111982.45,107427.0,108194.28,29857.17252,3277596494.7619195,6127094,2025-10-16 23:59:59.999000+00:00
2025-10-17 00:00:00+00:00,108194.27,109240.0,103528.23,106431.68,37920.66838,4022645635.221202,7570685,2025-10-17 23:59:59.999000+00:00
2025-10-18 00:00:00+00:00,106431.68,107499.0,106322.2,107185.01,11123.18766,1189002999.143113,2105450,2025-10-18 23:59:59.999000+00:00
2025-10-19 00:00:00+00:00,107185.0,109450.07,106103.36,108642.78,15480.66423,1670074079.5802343,3205640,2025-10-19 23:59:59.999000+00:00
2025-10-20 00:00:00+00:00,108642.77,111705.56,107402.52,110532.09,19193.4416,2119912185.5934682,4283542,2025-10-20 23:59:59.999000+00:00
2025-10-21 00:00:00+00:00,110532.09,114000.0,107473.72,108297.67,37228.01659,4114477849.932054,6004063,2025-10-21 23:59:59.999000+00:00
2025-10-22 00:00:00+00:00,108297.66,109163.88,106666.69,107567.44,28610.78451,3090291706.4439816,5547903,2025-10-22 23:59:59.999000+00:00
2025-10-23 00:00:00+00:00,107567.45,111293.61,107500.0,110078.18,17573.09294,1924582289.411394,3721614,2025-10-23 23:59:59.999000+00:00
2025-10-24 00:00:00+00:00,110078.19,112104.98,109700.01,111004.89,15005.16913,1662806764.9533324,3241022,2025-10-24 23:59:59.999000+00:00
2025-10-25 00:00:00+00:00,111004.9,111943.19,110672.86,111646.27,6407.96864,714201332.9751225,1238199,2025-10-25 23:59:59.999000+00:00
2025-10-26 00:00:00+00:00,111646.27,115466.8,111260.45,114559.4,13454.47737,1525108635.874829,2463951,2025-10-26 23:59:59.999000+00:00
2025-10-27 00:00:00+00:00,114559.41,116400.0,113830.01,114107.65,21450.23241,2470872744.5489683,3660488,2025-10-27 23:59:59.999000+00:00
2025-10-28 00:00:00+00:00,114107.65,116086.0,112211.0,112898.45,15523.42257,1772753529.8642743,3829845,2025-10-28 23:59:59.999000+00:00
2025-10-29 00:00:00+00:00,112898.44,113643.73,109200.0,110021.29,21079.71376,2356715986.5335455,4481480,2025-10-29 23:59:59.999000+00:00
2025-10-30 00:00:00+00:00,110021.3,111592.0,106304.34,108322.88,25988.82838,2827221287.4227977,6373451,2025-10-30 23:59:59.999000+00:00
2025-10-31 00:00:00+00:00,108322.87,111190.0,108275.28,109608.01,21518.20439,2361590437.9414105,5256872,2025-10-31 23:59:59.999000+00:00
2025-11-01 00:00:00+00:00,109608.01,110564.49,109394.81,110098.1,7378.50431,812389216.4346797,1994214,2025-11-01 23:59:59.999000+00:00
2025-11-02 00:00:00+00:00,110098.1,111250.01,109471.34,110540.68,12107.00087,1336870531.1415012,2652188,2025-11-02 23:59:59.999000+00:00
2025-11-03 00:00:00+00:00,110540.69,110750.0,105306.56,106583.04,28681.18779,3076006652.0015674,7074546,2025-11-03 23:59:59.999000+00:00
2025-11-04 00:00:00+00:00,106583.05,107299.0,98944.36,101497.22,50534.87376,5197697635.212413,9099609,2025-11-04 23:59:59.999000+00:00
2025-11-05 00:00:00+00:00,101497.23,104534.74,98966.8,103885.16,33778.77571,3454273922.700385,6500368,2025-11-05 23:59:59.999000+00:00
2025-11-06 00:00:00+00:00,103885.16,104200.0,100300.95,101346.04,25814.62139,2641767846.305827,5755001,2025-11-06 23:59:59.999000+00:00
2025-11-07 00:00:00+00:00,101346.04,104096.36,99260.86,103339.08,32059.50942,3251112979.305884,6335759,2025-11-07 23:59:59.999000+00:00
2025-11-08 00:00:00+00:00,103339.09,103406.22,101454.0,102312.94,12390.77985,1267165565.3752701,2743819,2025-11-08 23:59:59.999000+00:00
2025-11-09 00:00:00+00:00,102312.95,105495.62,101400.0,104722.96,16338.97096,1687020822.3668208,3404204,2025-11-09 23:59:59.999000+00:00
2025-11-10 00:00:00+00:00,104722.95,106670.11,104265.02,106011.13,22682.25673,2400141664.389342,4710957,2025-11-10 23:59:59.999000+00:00
2025-11-11 00:00:00+00:00,106011.13,107500.0,102476.09,103058.99,24196.50718,2532279071.0069213,5532149,2025-11-11 23:59:59.999000+00:00
2025-11-12 00:00:00+00:00,103059.0,105333.33,100813.59,101654.37,20457.63906,2108514405.2608771,5314132,2025-11-12 23:59:59.999000+00:00
2025-11-13 00:00:00+00:00,101654.37,104085.01,98000.4,99692.02,36198.50771,3654698026.5403805,8125404,2025-11-13 23:59:59.999000+00:00
2025-11-14 00:00:00+00:00,99692.03,99866.02,94012.45,94594.0,47288.14481,4566085156.747207,9551025,2025-11-14 23:59:59.999000+00:00
2025-11-15 00:00:00+00:00,94594.0,96846.68,94558.49,95596.24,15110.89391,1449074019.0674856,4263558,2025-11-15 23:59:59.999000+00:00
2025-11-16 00:00:00+00:00,95596.23,96635.11,93005.55,94261.44,23889.4051,2261295524.8173394,5141394,2025-11-16 23:59:59.999000+00:00
2025-11-17 00:00:00+00:00,94261.45,96043.0,91220.0,92215.14,39218.59806,3674562070.238606,8134322,2025-11-17 23:59:59.999000+00:00
2025-11-18 00:00:00+00:00,92215.14,93836.01,89253.78,92960.83,39835.14769,3641033186.3004584,8786593,2025-11-18 23:59:59.999000+00:00
2025-11-19 00:00:00+00:00,92960.83,92980.22,88608.0,91554.96,32286.6376,2925773651.255958,6822174,2025-11-19 23:59:59.999000+00:00
2025-11-20 00:00:00+00:00,91554.96,93160.0,86100.0,86637.23,39733.19073,3548950335.0984216,7841395,2025-11-20 23:59:59.999000+00:00
2025-11-21 00:00:00+00:00,86637.22,87498.94,80600.0,85129.43,72256.12679,6061348756.341564,11826480,2025-11-21 23:59:59.999000+00:00
2025-11-22 00:00:00+00:00,85129.42,85620.0,83500.0,84739.74,14193.93263,1197657354.9690385,4697593,2025-11-22 23:59:59.999000+00:00
2025-11-23 00:00:00+00:00,84739.75,88127.64,84667.57,86830.0,19734.46418,1708685030.2798696,5063493,2025-11-23 23:59:59.999000+00:00
2025-11-24 00:00:00+00:00,86830.0,89228.0,85272.0,88300.01,24663.12795,2150393686.920318,6189156,2025-11-24 23:59:59.999000+00:00
2025-11-25 00:00:00+00:00,88300.01,88519.99,86116.0,87369.96,19567.0411,1708989000.038937,4838747,2025-11-25 23:59:59.999000+00:00
2025-11-26 00:00:00+00:00,87369.97,90656.08,86306.77,90484.02,21675.82239,1916851896.6699688,4668280,2025-11-26 23:59:59.999000+00:00
2025-11-27 00:00:00+00:00,90484.01,91950.0,90089.91,91333.95,16833.50932,1535778106.5787077,3920172,2025-11-27 23:59:59.999000+00:00
2025-11-28 00:00:00+00:00,91333.94,93092.0,90180.63,90890.7,18830.86012,1721418035.0795596,4229754,2025-11-28 23:59:59.999000+00:00
2025-11-29 00:00:00+00:00,90890.71,91165.65,90155.47,90802.44,7429.88291,673725652.9787655,1677860,2025-11-29 23:59:59.999000+00:00
2025-11-30 00:00:00+00:00,90802.44,92000.01,90336.9,90360.0,9687.74175,884051773.1655338,2154030,2025-11-30 23:59:59.999000+00:00
2025-12-01 00:00:00+00:00,90360.01,90417.0,83822.76,86286.01,34509.01227,2977024047.2231607,7709685,2025-12-01 23:59:59.999000+00:00
2025-12-02 00:00:00+00:00,86286.01,92307.65,86184.39,91277.88,28210.22732,2519515177.662365,6397299,2025-12-02 23:59:59.999000+00:00
2025-12-03 00:00:00+00:00,91277.88,94150.0,90990.23,93429.95,25712.52585,2386223626.86139,6733182,2025-12-03 23:59:59.999000+00:00
2025-12-04 00:00:00+00:00,93429.95,94080.0,90889.0,92078.06,19803.94059,1836645629.33462,5856049,2025-12-04 23:59:59.999000+00:00
2025-12-05 00:00:00+00:00,92078.06,92692.36,88056.0,89330.04,19792.97218,1788436983.8106546,5520352,2025-12-05 23:59:59.999000+00:00
2025-12-06 00:00:00+00:00,89330.04,90289.97,88908.01,89236.79,8409.50016,753420679.8063259,2482221,2025-12-06 23:59:59.999000+00:00
2025-12-07 00:00:00+00:00,89236.8,91760.0,87719.28,90395.31,13021.11185,1167866486.8455212,3953071,2025-12-07 23:59:59.999000+00:00
2025-12-08 00:00:00+00:00,90395.32,92287.15,89612.0,90634.34,15793.63887,1436920018.8936133,5458731,2025-12-08 23:59:59.999000+00:00
2025-12-09 00:00:00+00:00,90634.35,94588.99,89500.0,92678.8,21240.43014,1956261065.6071732,5940223,2025-12-09 23:59:59.999000+00:00
2025-12-10 00:00:00+00:00,92678.81,94476.0,91563.15,92015.37,18998.68083,1758773276.2478049,6025707,2025-12-10 23:59:59.999000+00:00
2025-12-11 00:00:00+00:00,92015.38,93555.0,89260.63,92513.38,19972.58758,1814322119.0658488,6250438,2025-12-11 23:59:59.999000+00:00
2025-12-12 00:00:00+00:00,92513.38,92754.0,89480.0,90268.42,16679.19169,1521683425.5648005,4956719,2025-12-12 23:59:59.999000+00:00
2025-12-13 00:00:00+00:00,90268.43,90634.55,89766.39,90240.01,5895.70788,532250544.5904015,1363754,2025-12-13 23:59:59.999000+00:00
2025-12-14 00:00:00+00:00,90240.0,90472.4,87577.36,88172.17,9416.94004,839079130.8378651,3115749,2025-12-14 23:59:59.999000+00:00
2025-12-15 00:00:00+00:00,88172.16,90052.64,85146.64,86432.08,19778.6919,1732823429.5017288,6747167,2025-12-15 23:59:59.999000+00:00
2025-12-16 00:00:00+00:00,86432.08,88175.98,85266.0,87863.42,18456.05017,1604673428.6527836,6099692,2025-12-16 23:59:59.999000+00:00
2025-12-17 00:00:00+00:00,87863.43,90365.85,85314.0,86243.22,19834.11729,1733348496.6703594,6058638,2025-12-17 23:59:59.999000+00:00
2025-12-18 00:00:00+00:00,86243.23,89477.61,84450.01,85516.41,25405.41763,2204223872.6696463,6946947,2025-12-18 23:59:59.999000+00:00
2025-12-19 00:00:00+00:00,85516.41,89399.97,85110.24,88136.94,21256.65004,1863236625.932864,6482253,2025-12-19 23:59:59.999000+00:00
2025-12-20 00:00:00+00:00,88136.95,88573.07,87795.76,88360.9,5123.13194,451919022.7277595,1174426,2025-12-20 23:59:59.999000+00:00
2025-12-21 00:00:00+00:00,88360.91,89081.77,87600.04,88658.86,7132.87258,629720971.7866651,2030666,2025-12-21 23:59:59.999000+00:00
2025-12-22 00:00:00+00:00,88658.87,90588.23,87900.0,88620.79,14673.2197,1310235631.747926,4847747,2025-12-22 23:59:59.999000+00:00
2025-12-23 00:00:00+00:00,88620.79,88940.0,86601.9,87486.0,13910.32904,1219899607.2677548,4465080,2025-12-23 23:59:59.999000+00:00
2025-12-24 00:00:00+00:00,87486.0,88049.89,86420.0,87669.45,9140.8432,797460526.4738462,2877239,2025-12-24 23:59:59.999000+00:00
2025-12-25 00:00:00+00:00,87669.44,88592.74,86934.72,87225.27,7096.58235,622970453.6497647,1992172,2025-12-25 23:59:59.999000+00:00
2025-12-26 00:00:00+00:00,87225.27,89567.75,86655.08,87369.56,18344.61505,1616722115.636646,4509482,2025-12-26 23:59:59.999000+00:00
2025-12-27 00:00:00+00:00,87369.56,87984.0,87253.05,87877.01,4469.55156,391274205.274436,957536,2025-12-27 23:59:59.999000+00:00
2025-12-28 00:00:00+00:00,87877.0,88088.75,87435.0,87952.71,4446.29285,390327299.1502763,1241426,2025-12-28 23:59:59.999000+00:00
2025-12-29 00:00:00+00:00,87952.71,90406.08,86806.5,87237.13,19894.98575,1762011993.0377953,4793589,2025-12-29 23:59:59.999000+00:00
2025-12-30 00:00:00+00:00,87237.13,89400.0,86845.66,88485.49,13105.91001,1155016404.4786754,3542176,2025-12-30 23:59:59.999000+00:00
2025-12-31 00:00:00+00:00,88485.5,89200.0,87250.0,87648.22,11558.62047,1019746835.2795268,2897396,2025-12-31 23:59:59.999000+00:00
2026-01-01 00:00:00+00:00,87648.21,88919.45,87550.43,88839.04,6279.57133,552991635.2911001,1449281,2026-01-01 23:59:59.999000+00:00
2026-01-02 00:00:00+00:00,88839.05,90961.81,88379.88,89995.13,17396.97301,1558958860.8870876,5010211,2026-01-02 23:59:59.999000+00:00
2026-01-03 00:00:00+00:00,89995.14,90741.16,89314.01,90628.01,7057.46716,635514773.6093655,1684214,2026-01-03 23:59:59.999000+00:00
2026-01-04 00:00:00+00:00,90628.01,91810.0,90628.0,91529.73,10426.5297,952160980.5212084,2207037,2026-01-04 23:59:59.999000+00:00
2026-01-05 00:00:00+00:00,91529.74,94789.08,91514.81,93859.71,20673.59584,1927455243.548076,5485489,2026-01-05 23:59:59.999000+00:00
2026-01-06 00:00:00+00:00,93859.71,94444.44,91262.94,93747.97,18546.41829,1728045542.298375,5018686,2026-01-06 23:59:59.999000+00:00
2026-01-07 00:00:00+00:00,93747.97,93747.97,90675.52,91364.16,14276.49025,1311906952.9749737,4340252,2026-01-07 23:59:59.999000+00:00
2026-01-08 00:00:00+00:00,91364.16,91687.99,89311.0,91099.99,16132.79117,1460622501.2073882,4923472,2026-01-08 23:59:59.999000+00:00
2026-01-09 00:00:00+00:00,91100.0,92082.55,89694.66,90641.28,15590.27939,1416907180.1870482,4155703,2026-01-09 23:59:59.999000+00:00
2026-01-10 00:00:00+00:00,90641.27,90832.0,90404.0,90504.7,3104.11722,281321375.4802981,766357,2026-01-10 23:59:59.999000+00:00
2026-01-11 00:00:00+00:00,90504.7,91283.89,90236.0,91013.65,5477.13594,497245863.9319499,1282029,2026-01-11 23:59:59.999000+00:00
2026-01-12 00:00:00+00:00,91013.66,92519.95,90128.44,91296.2,16188.08268,1479964862.2693064,4099509,2026-01-12 23:59:59.999000+00:00
2026-01-13 00:00:00+00:00,91296.2,96495.0,91042.66,95414.0,23021.51482,2149770801.117704,5025071,2026-01-13 23:59:59.999000+00:00
2026-01-14 00:00:00+00:00,95413.99,97924.49,94559.28,96951.78,22851.89428,2201535821.648615,5346212,2026-01-14 23:59:59.999000+00:00
2026-01-15 00:00:00+00:00,96951.78,97193.34,95134.48,95604.8,21725.81369,2093008182.8437335,4493095,2026-01-15 23:59:59.999000+00:00
2026-01-16 00:00:00+00:00,95604.81,95871.47,94293.46,95550.94,11167.7146,1064019408.0772514,2971559,2026-01-16 23:59:59.999000+00:00
2026-01-17 00:00:00+00:00,95550.94,95639.45,95021.67,95147.77,4280.80137,408161941.6719079,1020527,2026-01-17 23:59:59.999000+00:00
2026-01-18 00:00:00+00:00,95147.77,95531.12,93615.4,93673.14,6895.17819,654773743.2677118,1488785,2026-01-18 23:59:59.999000+00:00
2026-01-19 00:00:00+00:00,93673.14,93673.14,91910.2,92631.0,14295.52747,1326770336.049047,3359066,2026-01-19 23:59:59.999000+00:00
2026-01-20 00:00:00+00:00,92630.99,92870.0,87895.98,88427.66,22007.3261,1989676668.5941782,6064031,2026-01-20 23:59:59.999000+00:00
2026-01-21 00:00:00+00:00,88427.66,90574.0,87263.53,89454.73,20617.50372,1837708115.3597033,6419053,2026-01-21 23:59:59.999000+00:00
2026-01-22 00:00:00+00:00,89454.73,90359.99,88515.37,89559.67,10825.50492,969910623.3559886,3743412,2026-01-22 23:59:59.999000+00:00
2026-01-23 00:00:00+00:00,89559.68,91224.99,88578.36,89600.26,13918.48919,1248772265.678843,4619907,2026-01-23 23:59:59.999000+00:00
2026-01-24 00:00:00+00:00,89600.26,89957.39,89162.08,89225.34,4226.56737,378464146.0918812,959854,2026-01-24 23:59:59.999000+00:00
2026-01-25 00:00:00+00:00,89225.34,89319.13,86074.72,86670.36,14426.22019,1264233689.841581,3720178,2026-01-25 23:59:59.999000+00:00
2026-01-26 00:00:00+00:00,86670.36,88860.0,86509.63,88347.08,17766.51453,1560135758.989215,4798083,2026-01-26 23:59:59.999000+00:00
2026-01-27 00:00:00+00:00,88347.08,89523.16,87304.33,89250.0,13125.40425,1160026853.5895033,3787336,2026-01-27 23:59:59.999000+00:00
2026-01-28 00:00:00+00:00,89249.99,90600.0,88833.65,89299.99,14332.18502,1283919840.851472,4385791,2026-01-28 23:59:59.999000+00:00
2026-01-29 00:00:00+00:00,89300.0,89348.0,83383.33,84650.16,30431.38201,2610381587.9100037,5598749,2026-01-29 23:59:59.999000+00:00
2026-01-30 00:00:00+00:00,84650.16,84735.75,81118.0,84260.49,35195.84793,2918624066.481832,8998829,2026-01-30 23:59:59.999000+00:00
2026-01-31 00:00:00+00:00,84260.5,84270.02,75719.9,78741.09,39491.89133,3155264093.623044,7384976,2026-01-31 23:59:59.999000+00:00
2026-02-01 00:00:00+00:00,78741.1,79424.0,75700.0,76968.21,25395.48168,1974920557.0473866,8001906,2026-02-01 23:59:59.999000+00:00
2026-02-02 00:00:00+00:00,76968.22,79360.0,74604.0,78738.61,42273.59016,3260752444.4613295,10085578,2026-02-02 23:59:59.999000+00:00
2026-02-03 00:00:00+00:00,78738.6,79186.81,72945.5,75770.21,39120.10889,2986903008.574792,9199445,2026-02-03 23:59:59.999000+00:00
2026-02-04 00:00:00+00:00,75770.21,76971.52,71888.0,73165.83,38375.36,2852834631.5391464,10724002,2026-02-04 23:59:59.999000+00:00
2026-02-05 00:00:00+00:00,73165.84,73341.18,62345.0,62909.86,106298.82899,7198745594.280694,15364010,2026-02-05 23:59:59.999000+00:00
2026-02-06 00:00:00+00:00,62909.87,71751.33,60000.0,70580.26,92539.21531,6134056670.6115055,13228528,2026-02-06 23:59:59.999000+00:00
2026-02-07 00:00:00+00:00,70580.26,71690.07,67300.0,69289.38,44255.48036,3058983879.0691524,7167427,2026-02-07 23:59:59.999000+00:00
2026-02-08 00:00:00+00:00,69289.37,72271.41,68888.0,70330.38,21420.53168,1510003758.652842,4870449,2026-02-08 23:59:59.999000+00:00
2026-02-09 00:00:00+00:00,70330.38,71453.53,68308.0,70138.0,29152.72842,2038959539.4209776,6644769,2026-02-09 23:59:59.999000+00:00
2026-02-10 00:00:00+00:00,70138.0,70527.59,67800.0,68841.29,20373.77072,1408623623.3599253,4558658,2026-02-10 23:59:59.999000+00:00
2026-02-11 00:00:00+00:00,68841.28,69292.88,65756.0,67082.52,28718.24602,1930513947.5441146,6956577,2026-02-11 23:59:59.999000+00:00
2026-02-12 00:00:00+00:00,67082.52,68410.52,65118.0,66272.17,24271.74283,1622162145.3342066,6778280,2026-02-12 23:59:59.999000+00:00
2026-02-13 00:00:00+00:00,66272.17,69482.97,65872.46,68853.96,20244.54955,1371286022.3300548,6450842,2026-02-13 23:59:59.999000+00:00
2026-02-14 00:00:00+00:00,68853.97,70560.01,68730.13,69822.95,18114.78393,1260259314.3600264,3803163,2026-02-14 23:59:59.999000+00:00
2026-02-15 00:00:00+00:00,69822.94,70983.0,68000.0,68832.58,22290.05208,1545094572.1368146,4598633,2026-02-15 23:59:59.999000+00:00
2026-02-16 00:00:00+00:00,68832.59,70126.67,67294.11,68892.43,15515.76534,1062797918.2535971,5233849,2026-02-16 23:59:59.999000+00:00
2026-02-17 00:00:00+00:00,68892.43,69241.5,66621.06,67503.52,16489.06921,1117987651.294812,5994853,2026-02-17 23:59:59.999000+00:00
2026-02-18 00:00:00+00:00,67503.52,68476.22,65870.0,66461.0,15492.43839,1040493524.6521236,4548997,2026-02-18 23:59:59.999000+00:00
2026-02-19 00:00:00+00:00,66461.0,67320.0,65631.83,67003.73,14542.26988,968863572.7821527,4679351,2026-02-19 23:59:59.999000+00:00
2026-02-20 00:00:00+00:00,67003.73,68318.39,66280.2,68020.01,35351.87091,2378079150.5678473,5044912,2026-02-20 23:59:59.999000+00:00
2026-02-21 00:00:00+00:00,68020.0,68698.7,67534.69,67975.93,8032.84131,547592078.8471988,1593539,2026-02-21 23:59:59.999000+00:00
2026-02-22 00:00:00+00:00,67975.93,68245.0,67190.0,67643.4,8175.13484,553613335.5774136,2160900,2026-02-22 23:59:59.999000+00:00
2026-02-23 00:00:00+00:00,67643.39,67684.86,63888.79,64656.02,33075.90923,2158158656.1215167,8268695,2026-02-23 23:59:59.999000+00:00
2026-02-24 00:00:00+00:00,64656.01,65026.75,62510.28,64058.15,23102.83622,1469512159.7199352,7553629,2026-02-24 23:59:59.999000+00:00
2026-02-25 00:00:00+00:00,64058.15,69988.83,63913.27,67988.04,30749.99259,2064089702.844435,7096715,2026-02-25 23:59:59.999000+00:00
2026-02-26 00:00:00+00:00,67988.04,68860.0,66500.0,67485.18,20737.77792,1404774665.564561,5426137,2026-02-26 23:59:59.999000+00:00
2026-02-27 00:00:00+00:00,67485.19,68216.8,64914.46,65872.1,21228.58424,1412033823.5619729,3856064,2026-02-27 23:59:59.999000+00:00
2026-02-28 00:00:00+00:00,65872.09,67760.0,63030.0,66973.26,22548.71649,1462864408.2615664,5268514,2026-02-28 23:59:59.999000+00:00
2026-03-01 00:00:00+00:00,66973.26,68199.99,65056.0,65776.47,23201.85859,1545783742.9062002,5312013,2026-03-01 23:59:59.999000+00:00
2026-03-02 00:00:00+00:00,65776.48,70096.0,65259.21,68830.06,32010.38431,2164578841.845917,8397526,2026-03-02 23:59:59.999000+00:00
2026-03-03 00:00:00+00:00,68830.06,69258.08,66158.0,68338.0,24972.2418,1691848669.9430182,7648119,2026-03-03 23:59:59.999000+00:00
2026-03-04 00:00:00+00:00,68338.01,74050.0,67400.0,72666.77,44919.0761,3202864447.6324606,8618302,2026-03-04 23:59:59.999000+00:00
2026-03-05 00:00:00+00:00,72666.77,73558.15,70645.47,70890.72,26590.51253,1917514690.387834,6709160,2026-03-05 23:59:59.999000+00:00
2026-03-06 00:00:00+00:00,70891.02,71419.98,70344.03,70910.53,3138.17745,222873342.3495554,916525,2026-03-06 23:59:59.999000+00:00
