ds,trend,yhat_lower,yhat_upper,trend_lower,trend_upper,additive_terms,additive_terms_lower,additive_terms_upper,weekly,weekly_lower,weekly_upper,multiplicative_terms,multiplicative_terms_lower,multiplicative_terms_upper,yhat
2025-03-25,82629.5567155756,76630.84880026143,88786.28516242279,82629.5567155756,82629.5567155756,40.404073086705544,40.404073086705544,40.404073086705544,40.404073086705544,40.404073086705544,40.404073086705544,0.0,0.0,0.0,82669.96078866231
2025-03-26,82964.22763565785,77409.0882853729,90174.6533038201,82964.22763565785,82964.22763565785,447.27229292817424,447.27229292817424,447.27229292817424,447.27229292817424,447.27229292817424,447.27229292817424,0.0,0.0,0.0,83411.49992858602
2025-03-27,83298.89855574009,76629.30812942793,89779.483175971,83298.89855574009,83298.89855574009,73.8550103746014,73.8550103746014,73.8550103746014,73.8550103746014,73.8550103746014,73.8550103746014,0.0,0.0,0.0,83372.75356611468
2025-03-28,83633.56947582233,77685.32213667338,90002.0203321209,83633.56947582233,83633.56947582233,76.38119446550398,76.38119446550398,76.38119446550398,76.38119446550398,76.38119446550398,76.38119446550398,0.0,0.0,0.0,83709.95067028783
2025-03-29,83968.24039590456,77212.98800663474,89934.31891966441,83968.24039590456,83968.24039590456,-448.2631358820728,-448.2631358820728,-448.2631358820728,-448.2631358820728,-448.2631358820728,-448.2631358820728,0.0,0.0,0.0,83519.97726002248
2025-03-30,84302.91131598681,78095.06576205962,90390.58712717835,84302.91131598681,84302.91131598681,-209.42482426251536,-209.42482426251536,-209.42482426251536,-209.42482426251536,-209.42482426251536,-209.42482426251536,0.0,0.0,0.0,84093.4864917243
2025-03-31,84637.58223606905,78425.80376346041,91324.38437786665,84637.58223606905,84637.58223606905,19.775389290016346,19.775389290016346,19.775389290016346,19.775389290016346,19.775389290016346,19.775389290016346,0.0,0.0,0.0,84657.35762535907
2025-04-01,84972.25315615129,79090.88458992697,91282.21212338208,84972.25315615129,84972.25315615129,40.40407308758324,40.40407308758324,40.40407308758324,40.40407308758324,40.40407308758324,40.40407308758324,0.0,0.0,0.0,85012.65722923887
2025-04-02,85306.92407623354,79550.03193306015,92465.29483755607,85306.92407623354,85306.92407623354,447.2722929283678,447.2722929283678,447.2722929283678,447.2722929283678,447.2722929283678,447.2722929283678,0.0,0.0,0.0,85754.1963691619
2025-04-03,85641.59499631579,79399.05154171531,92044.04093900208,85641.59499631579,85641.59499631579,73.8550103744503,73.8550103744503,73.8550103744503,73.8550103744503,73.8550103744503,73.8550103744503,0.0,0.0,0.0,85715.45000669024
2025-04-04,85976.26591639803,80176.2134938061,92759.4002057428,85976.26591639803,85976.26591639803,76.38119446565427,76.38119446565427,76.38119446565427,76.38119446565427,76.38119446565427,76.38119446565427,0.0,0.0,0.0,86052.64711086368
2025-04-05,86310.93683648026,79620.68530992595,92065.42412669334,86310.93683648026,86310.93683648026,-448.2631358819081,-448.2631358819081,-448.2631358819081,-448.2631358819081,-448.2631358819081,-448.2631358819081,0.0,0.0,0.0,85862.67370059836
2025-04-08,87314.9495982187,81071.51032749389,93328.61629031216,87314.9495982187,87314.9495982187,40.404073086484054,40.404073086484054,40.404073086484054,40.404073086484054,40.404073086484054,40.404073086484054,0.0,0.0,0.0,87355.35367130519
2025-04-10,87984.29143937766,81528.51770444929,94054.42266836939,87984.29143937766,87984.29143937766,73.85501037429432,73.85501037429432,73.85501037429432,73.85501037429432,73.85501037429432,73.85501037429432,0.0,0.0,0.0,88058.14644975195
2025-04-12,88653.63328053661,81639.32148798117,94518.42715122826,88653.63328053661,88653.63328053661,-448.26313588273786,-448.26313588273786,-448.26313588273786,-448.26313588273786,-448.26313588273786,-448.26313588273786,0.0,0.0,0.0,88205.37014465388
2025-04-13,88988.30420111607,82545.62239954164,95413.91463527069,88988.30420111607,88988.30420111607,-209.42482426364325,-209.42482426364325,-209.42482426364325,-209.42482426364325,-209.42482426364325,-209.42482426364325,0.0,0.0,0.0,88778.87937685243
2025-04-14,89322.97512169555,82850.34666284133,95631.14237824625,89322.97512169555,89322.97512169555,19.775389290873672,19.775389290873672,19.775389290873672,19.775389290873672,19.775389290873672,19.775389290873672,0.0,0.0,0.0,89342.75051098643
2025-04-15,89657.64604227502,83153.70905467642,96065.47044083953,89657.64604227502,89657.64604227502,40.404073087361745,40.404073087361745,40.404073087361745,40.404073087361745,40.404073087361745,40.404073087361745,0.0,0.0,0.0,89698.05011536239
2025-04-16,89992.3169628545,84079.58838152188,97273.05703549851,89992.3169628545,89992.3169628545,447.2722929283732,447.2722929283732,447.2722929283732,447.2722929283732,447.2722929283732,447.2722929283732,0.0,0.0,0.0,90439.58925578288
2025-04-17,90326.98788343399,84144.20907221026,96252.68164625495,90326.98788343399,90326.98788343399,73.85501037413836,73.85501037413836,73.85501037413836,73.85501037413836,73.85501037413836,73.85501037413836,0.0,0.0,0.0,90400.84289380813
2025-04-18,90661.65880401347,84411.03950882897,97270.5087949588,90661.65880401347,90661.65880401347,76.38119446637704,76.38119446637704,76.38119446637704,76.38119446637704,76.38119446637704,76.38119446637704,0.0,0.0,0.0,90738.03999847984
2025-04-19,90996.32972459294,84287.0239597712,96614.91094228158,90996.32972459294,90996.32972459294,-448.2631358815787,-448.2631358815787,-448.2631358815787,-448.2631358815787,-448.2631358815787,-448.2631358815787,0.0,0.0,0.0,90548.06658871136
2025-04-20,91331.00064517242,84734.99638927012,97432.68207692329,91331.00064517242,91331.00064517242,-209.42482426376392,-209.42482426376392,-209.42482426376392,-209.42482426376392,-209.42482426376392,-209.42482426376392,0.0,0.0,0.0,91121.57582090865
2025-04-21,91665.67156998099,85214.87031150959,97939.25211920634,91665.67156998099,91665.67156998099,19.775389290067032,19.775389290067032,19.775389290067032,19.775389290067032,19.775389290067032,19.775389290067032,0.0,0.0,0.0,91685.44695927105
2025-04-23,92335.01341959811,86186.51180550629,98890.85198583262,92335.01341959811,92335.01341959811,447.2722929280209,447.2722929280209,447.2722929280209,447.2722929280209,447.2722929280209,447.2722929280209,0.0,0.0,0.0,92782.28571252614
2025-04-24,92669.68434440668,86872.43397498762,99126.00103118454,92669.68434440668,92669.68434440668,73.8550103739872,73.8550103739872,73.8550103739872,73.8550103739872,73.8550103739872,73.8550103739872,0.0,0.0,0.0,92743.53935478066
2025-04-25,93004.35526921524,86787.7414170186,99034.67052489298,93004.35526921524,93004.35526921524,76.38119446597274,76.38119446597274,76.38119446597274,76.38119446597274,76.38119446597274,76.38119446597274,0.0,0.0,0.0,93080.73646368121
2025-04-26,93339.02619402381,86706.47026385958,99311.49754611618,93339.02619402381,93339.02619402381,-448.26313588240845,-448.26313588240845,-448.26313588240845,-448.26313588240845,-448.26313588240845,-448.26313588240845,0.0,0.0,0.0,92890.7630581414
2025-04-27,93673.69711883237,87339.08612949499,99843.83308252,93673.69711883237,93673.69711883237,-209.4248242647711,-209.4248242647711,-209.4248242647711,-209.4248242647711,-209.4248242647711,-209.4248242647711,0.0,0.0,0.0,93464.27229456759
2025-04-28,94008.36804364093,87522.68842183115,100320.93753000839,94008.36804364093,94008.36804364093,19.77538928926036,19.77538928926036,19.77538928926036,19.77538928926036,19.77538928926036,19.77538928926036,0.0,0.0,0.0,94028.1434329302
2025-04-29,94343.0389684495,88097.29940557612,100320.13271053316,94343.0389684495,94343.0389684495,40.40407308651095,40.40407308651095,40.40407308651095,40.40407308651095,40.40407308651095,40.40407308651095,0.0,0.0,0.0,94383.44304153601
2025-04-30,94677.70989325806,88948.98131149936,101066.8764891235,94677.70989325806,94677.70989325806,447.27229292876035,447.27229292876035,447.27229292876035,447.27229292876035,447.27229292876035,447.27229292876035,0.0,0.0,0.0,95124.98218618681
2025-05-01,95012.38081806662,88538.4649884748,101290.16246311391,95012.38081806662,95012.38081806662,73.85501037383615,73.85501037383615,73.85501037383615,73.85501037383615,73.85501037383615,73.85501037383615,0.0,0.0,0.0,95086.23582844046
2025-05-02,95347.05171838192,89203.57829784176,101572.43729412674,95347.05171838192,95347.05171838192,76.38119446612305,76.38119446612305,76.38119446612305,76.38119446612305,76.38119446612305,76.38119446612305,0.0,0.0,0.0,95423.43291284805
2025-05-03,95681.7226186972,88694.97186248189,101253.64068024866,95681.7226186972,95681.7226186972,-448.2631358809095,-448.2631358809095,-448.2631358809095,-448.2631358809095,-448.2631358809095,-448.2631358809095,0.0,0.0,0.0,95233.45948281628
2025-05-04,96016.39351901249,89903.19353205242,101799.02575110983,96016.39351901249,96016.39351901249,-209.42482426365436,-209.42482426365436,-209.42482426365436,-209.42482426365436,-209.42482426365436,-209.42482426365436,0.0,0.0,0.0,95806.96869474884
2025-05-05,96351.06441932778,90075.16547759162,102623.76895044922,96351.06441932778,96351.06441932778,19.775389289689038,19.775389289689038,19.775389289689038,19.775389289689038,19.775389289689038,19.775389289689038,0.0,0.0,0.0,96370.83980861747
2025-05-06,96685.73531964306,90435.54660871037,102636.47873447572,96685.73531964306,96685.73531964306,40.4040730864002,40.4040730864002,40.4040730864002,40.4040730864002,40.4040730864002,40.4040730864002,0.0,0.0,0.0,96726.13939272947
2025-05-07,97020.40621995836,91365.74883775564,103822.78948112026,97020.40621995836,97020.40621995836,447.2722929284079,447.2722929284079,447.2722929284079,447.2722929284079,447.2722929284079,447.2722929284079,0.0,0.0,0.0,97467.67851288676
2025-05-09,97689.74802058893,91716.41498909045,104060.01363745943,97689.74802058893,97689.74802058893,76.38119446627331,76.38119446627331,76.38119446627331,76.38119446627331,76.38119446627331,76.38119446627331,0.0,0.0,0.0,97766.1292150552
2025-05-10,98024.41892090421,91063.23169560907,103644.71914387046,98024.41892090421,98024.41892090421,-448.2631358817393,-448.2631358817393,-448.2631358817393,-448.2631358817393,-448.2631358817393,-448.2631358817393,0.0,0.0,0.0,97576.15578502246
2025-05-11,98359.0898212195,91932.70540090751,104369.2591475452,98359.0898212195,98359.0898212195,-209.4248242650126,-209.4248242650126,-209.4248242650126,-209.4248242650126,-209.4248242650126,-209.4248242650126,0.0,0.0,0.0,98149.6649969545
2025-05-12,98693.76072153478,92212.48553096525,105318.86102893221,98693.76072153478,98693.76072153478,19.775389290117683,19.775389290117683,19.775389290117683,19.775389290117683,19.775389290117683,19.775389290117683,0.0,0.0,0.0,98713.5361108249
2025-05-13,99028.43162185008,93164.55793972297,105383.50093104337,99028.43162185008,99028.43162185008,40.40407308727792,40.40407308727792,40.40407308727792,40.40407308727792,40.40407308727792,40.40407308727792,0.0,0.0,0.0,99068.83569493736
2025-05-14,99351.23665694994,93571.19178415556,105821.60604164652,99351.23665694994,99351.23665694994,447.2722929286016,447.2722929286016,447.2722929286016,447.2722929286016,447.2722929286016,447.2722929286016,0.0,0.0,0.0,99798.50894987854
2025-05-15,99674.04169204982,93507.69359157544,106436.13298304971,99674.04169204982,99674.04169204982,73.85501037436737,73.85501037436737,73.85501037436737,73.85501037436737,73.85501037436737,73.85501037436737,0.0,0.0,0.0,99747.89670242419
2025-05-16,99996.84672714972,94091.16615222993,106332.72975599195,99996.84672714972,99996.84672714972,76.38119446586904,76.38119446586904,76.38119446586904,76.38119446586904,76.38119446586904,76.38119446586904,0.0,0.0,0.0,100073.22792161559
2025-05-17,100319.65176224959,93759.73629013241,105746.49475887486,100319.65176224959,100319.65176224959,-448.2631358815746,-448.2631358815746,-448.2631358815746,-448.2631358815746,-448.2631358815746,-448.2631358815746,0.0,0.0,0.0,99871.38862636802
2025-05-18,100642.45679734947,94094.27764474748,106892.59233149368,100642.45679734947,100642.45679734947,-209.42482426389589,-209.42482426389589,-209.42482426389589,-209.42482426389589,-209.42482426389589,-209.42482426389589,0.0,0.0,0.0,100433.03197308557
2025-05-19,100965.26183244935,94785.12014343424,107431.99660704732,100965.26183244935,100965.26183244935,19.775389289734274,19.775389289734274,19.775389289734274,19.775389289734274,19.775389289734274,19.775389289734274,0.0,0.0,0.0,100985.03722173908
2025-05-20,101288.06686754923,95221.23789714342,107396.9342868651,101288.06686754923,101288.06686754923,40.404073085549406,40.404073085549406,40.404073085549406,40.404073085549406,40.404073085549406,40.404073085549406,0.0,0.0,0.0,101328.47094063478
2025-05-22,101933.67693774898,95922.42042391082,108190.39044952723,101933.67693774898,101933.67693774898,73.85501037422112,73.85501037422112,73.85501037422112,73.85501037422112,73.85501037422112,73.85501037422112,0.0,0.0,0.0,102007.5319481232
2025-05-23,102256.48197284888,96268.12456717233,108715.73057110875,102256.48197284888,102256.48197284888,76.3811944654647,76.3811944654647,76.3811944654647,76.3811944654647,76.3811944654647,76.3811944654647,0.0,0.0,0.0,102332.86316731434
2025-05-24,102579.28700794876,95876.14324179669,108283.83480127036,102579.28700794876,102579.28700794876,-448.26313588107024,-448.26313588107024,-448.26313588107024,-448.26313588107024,-448.26313588107024,-448.26313588107024,0.0,0.0,0.0,102131.02387206769
2025-05-25,102902.09204304864,96797.53836021786,108729.01854430085,102902.09204304864,102902.09204304864,-209.4248242640166,-209.4248242640166,-209.4248242640166,-209.4248242640166,-209.4248242640166,-209.4248242640166,0.0,0.0,0.0,102692.66721878463
2025-05-26,103125.17942680232,97259.2311151374,109388.01086894884,103125.17942680232,103125.17942680232,19.775389288927638,19.775389288927638,19.775389288927638,19.775389288927638,19.775389288927638,19.775389288927638,0.0,0.0,0.0,103144.95481609125
2025-05-27,103348.266810556,97405.38910740687,109518.66925412139,103348.266810556,103348.266810556,40.404073086427125,40.404073086427125,40.404073086427125,40.404073086427125,40.404073086427125,40.404073086427125,0.0,0.0,0.0,103388.67088364242
2025-05-28,103571.35419430968,97832.40991119217,109747.20872739956,103571.35419430968,103571.35419430968,447.2722929284429,447.2722929284429,447.2722929284429,447.2722929284429,447.2722929284429,447.2722929284429,0.0,0.0,0.0,104018.62648723813
2025-05-29,103794.44157806337,97593.65494003208,110432.58984027186,103794.44157806337,103794.44157806337,73.85501037406516,73.85501037406516,73.85501037406516,73.85501037406516,73.85501037406516,73.85501037406516,0.0,0.0,0.0,103868.29658843744
2025-05-30,104017.52896181704,98153.62267937463,110395.42584818118,104017.52896181704,104017.52896181704,76.38119446603723,76.38119446603723,76.38119446603723,76.38119446603723,76.38119446603723,76.38119446603723,0.0,0.0,0.0,104093.91015628308
2025-05-31,104240.61634557073,97685.91954332484,110229.4034715853,104240.61634557073,104240.61634557073,-448.2631358809055,-448.2631358809055,-448.2631358809055,-448.2631358809055,-448.2631358809055,-448.2631358809055,0.0,0.0,0.0,103792.35320968983
2025-06-01,104463.70372932442,97385.25926535405,110311.37160492233,104463.70372932442,104463.70372932442,-209.42482426289993,-209.42482426289993,-209.42482426289993,-209.42482426289993,-209.42482426289993,-209.42482426289993,0.0,0.0,0.0,104254.27890506152
2025-06-02,104686.7911130781,98198.9993670042,110999.70329642418,104686.7911130781,104686.7911130781,19.775389290591573,19.775389290591573,19.775389290591573,19.775389290591573,19.775389290591573,19.775389290591573,0.0,0.0,0.0,104706.56650236869
2025-06-03,104909.87849683179,98792.26114752537,111226.51958685242,104909.87849683179,104909.87849683179,40.40407308532786,40.40407308532786,40.40407308532786,40.40407308532786,40.40407308532786,40.40407308532786,0.0,0.0,0.0,104950.28256991712
2025-06-04,105132.96588058546,99415.4938327887,111739.18731100917,105132.96588058546,105132.96588058546,447.2722929282547,447.2722929282547,447.2722929282547,447.2722929282547,447.2722929282547,447.2722929282547,0.0,0.0,0.0,105580.23817351372
2025-06-05,105356.05326433915,99471.20707627675,112154.76411745691,105356.05326433915,105356.05326433915,73.855010373914,73.855010373914,73.855010373914,73.855010373914,73.855010373914,73.855010373914,0.0,0.0,0.0,105429.90827471306
2025-06-06,105570.65884039667,99537.8847347692,111598.36388492187,105570.65884039667,105570.65884039667,76.38119446618747,76.38119446618747,76.38119446618747,76.38119446618747,76.38119446618747,76.38119446618747,0.0,0.0,0.0,105647.04003486286
2025-06-07,105785.26441645421,99030.99358713056,111485.18219075432,105785.26441645421,105785.26441645421,-448.26313588173537,-448.26313588173537,-448.26313588173537,-448.26313588173537,-448.26313588173537,-448.26313588173537,0.0,0.0,0.0,105337.00128057248
2025-06-08,105999.86999251174,99476.59160374168,112070.4151512389,105999.86999251174,105999.86999251174,-209.42482426302064,-209.42482426302064,-209.42482426302064,-209.42482426302064,-209.42482426302064,-209.42482426302064,0.0,0.0,0.0,105790.44516824871
2025-06-09,106214.47556856927,100168.14738396309,112760.06050127462,106214.47556856927,106214.47556856927,19.775389289784947,19.775389289784947,19.775389289784947,19.775389289784947,19.775389289784947,19.775389289784947,0.0,0.0,0.0,106234.25095785905
2025-06-10,106429.08114462679,100226.01978468278,112475.79129794924,106429.08114462679,106429.08114462679,40.40407308620563,40.40407308620563,40.40407308620563,40.40407308620563,40.40407308620563,40.40407308620563,0.0,0.0,0.0,106469.485217713
2025-06-11,106643.68672068433,101008.23876449914,113235.34937399291,106643.68672068433,106643.68672068433,447.2722929284483,447.2722929284483,447.2722929284483,447.2722929284483,447.2722929284483,447.2722929284483,0.0,0.0,0.0,107090.95901361278
2025-06-12,106858.29229674186,100869.06841194077,112950.9732415033,106858.29229674186,106858.29229674186,73.85501037375803,73.85501037375803,73.85501037375803,73.85501037375803,73.85501037375803,73.85501037375803,0.0,0.0,0.0,106932.14730711562
2025-06-13,107072.8978727994,100825.15676876043,112778.79412692062,107072.8978727994,107072.8978727994,76.38119446578317,76.38119446578317,76.38119446578317,76.38119446578317,76.38119446578317,76.38119446578317,0.0,0.0,0.0,107149.27906726518
2025-06-14,107287.50344885694,100673.45982005297,113477.3834907514,107287.50344885694,107287.50344885694,-448.2631358805761,-448.2631358805761,-448.2631358805761,-448.2631358805761,-448.2631358805761,-448.2631358805761,0.0,0.0,0.0,106839.24031297636
2025-06-15,107502.10902491445,100464.45487108258,113774.44927304119,107502.10902491445,107502.10902491445,-209.42482426402788,-209.42482426402788,-209.42482426402788,-209.42482426402788,-209.42482426402788,-209.42482426402788,0.0,0.0,0.0,107292.68420065042
2025-06-16,107715.44476510135,101534.71051417987,113226.93055898882,107715.44476510135,107715.44476510135,19.775389290636806,19.775389290636806,19.775389290636806,19.775389290636806,19.775389290636806,19.775389290636806,0.0,0.0,0.0,107735.22015439198
2025-06-17,107928.78050528822,101249.69132579392,114128.29972268066,107928.78050528822,107928.78050528822,40.40407308708335,40.40407308708335,40.40407308708335,40.40407308708335,40.40407308708335,40.40407308708335,0.0,0.0,0.0,107969.1845783753
2025-06-18,108142.11624547512,102333.87270537174,114792.49703214089,108142.11624547512,108142.11624547512,447.27229292809596,447.27229292809596,447.27229292809596,447.27229292809596,447.27229292809596,447.27229292809596,0.0,0.0,0.0,108589.38853840322
2025-06-19,108355.451985662,102134.94561170052,114749.9295103672,108355.451985662,108355.451985662,73.85501037360693,73.85501037360693,73.85501037360693,73.85501037360693,73.85501037360693,73.85501037360693,0.0,0.0,0.0,108429.30699603561
2025-06-20,108568.78772584889,102045.71207917113,114889.16583684947,108568.78772584889,108568.78772584889,76.38119446746488,76.38119446746488,76.38119446746488,76.38119446746488,76.38119446746488,76.38119446746488,0.0,0.0,0.0,108645.16892031636
2025-06-21,108782.12346603579,101499.74109727859,114717.9569582618,108782.12346603579,108782.12346603579,-448.26313588140584,-448.26313588140584,-448.26313588140584,-448.26313588140584,-448.26313588140584,-448.26313588140584,0.0,0.0,0.0,108333.86033015438
2025-06-22,108995.45920622267,102852.21780686485,114941.16524940792,108995.45920622267,108995.45920622267,-209.42482426414858,-209.42482426414858,-209.42482426414858,-209.42482426414858,-209.42482426414858,-209.42482426414858,0.0,0.0,0.0,108786.03438195853
2025-06-23,109208.79494640956,103033.57828403614,115272.26642433909,109208.79494640956,109208.79494640956,19.77538928983016,19.77538928983016,19.77538928983016,19.77538928983016,19.77538928983016,19.77538928983016,0.0,0.0,0.0,109228.57033569939
2025-06-24,109422.13068659646,103120.95348216507,115590.3416757722,109422.13068659646,109422.13068659646,40.40407308697255,40.40407308697255,40.40407308697255,40.40407308697255,40.40407308697255,40.40407308697255,0.0,0.0,0.0,109462.53475968343
2025-06-25,109635.46642678334,103755.77802362692,116449.3939390037,109635.46642678334,109635.46642678334,447.2722929288355,447.2722929288355,447.2722929288355,447.2722929288355,447.2722929288355,447.2722929288355,0.0,0.0,0.0,110082.73871971217
2025-06-26,109848.80216697026,103873.14990493195,116151.86531195376,109848.80216697026,109848.80216697026,73.85501037429417,73.85501037429417,73.85501037429417,73.85501037429417,73.85501037429417,73.85501037429417,0.0,0.0,0.0,109922.65717734455
2025-06-27,110062.13788745868,103603.38534049326,116530.74803791288,110062.13788745868,110062.13788745868,76.38119446650596,76.38119446650596,76.38119446650596,76.38119446650596,76.38119446650596,76.38119446650596,0.0,0.0,0.0,110138.51908192519
2025-06-28,110275.4736079471,103485.48486097356,115932.76593359561,110275.4736079471,110275.4736079471,-448.2631358822357,-448.2631358822357,-448.2631358822357,-448.2631358822357,-448.2631358822357,-448.2631358822357,0.0,0.0,0.0,109827.21047206486
2025-06-29,110488.80932843554,103597.80365980379,115999.85501281919,110488.80932843554,110488.80932843554,-209.42482426303192,-209.42482426303192,-209.42482426303192,-209.42482426303192,-209.42482426303192,-209.42482426303192,0.0,0.0,0.0,110279.38450417251
2025-06-30,110702.14504892397,104704.68055387547,117122.53540290256,110702.14504892397,110702.14504892397,19.77538929025882,19.77538929025882,19.77538929025882,19.77538929025882,19.77538929025882,19.77538929025882,0.0,0.0,0.0,110721.92043821422
2025-07-01,110915.4807694124,104427.46259494401,117307.47188359265,110915.4807694124,110915.4807694124,40.40407308722099,40.40407308722099,40.40407308722099,40.40407308722099,40.40407308722099,40.40407308722099,0.0,0.0,0.0,110955.88484249962
2025-07-02,111128.81648990084,105147.445861608,118092.36017941145,111128.81648990084,111128.81648990084,447.2722929284832,447.2722929284832,447.2722929284832,447.2722929284832,447.2722929284832,447.2722929284832,0.0,0.0,0.0,111576.08878282932
2025-07-03,111342.15221038928,104836.92622497404,117704.65956541251,111342.15221038928,111342.15221038928,73.85501037414788,73.85501037414788,73.85501037414788,73.85501037414788,73.85501037414788,73.85501037414788,0.0,0.0,0.0,111416.00722076342
2025-07-04,111555.4879308777,105606.29624250966,118583.04942987957,111555.4879308777,111555.4879308777,76.38119446665625,76.38119446665625,76.38119446665625,76.38119446665625,76.38119446665625,76.38119446665625,0.0,0.0,0.0,111631.86912534435
2025-07-05,111768.82365136612,105013.34018792147,117792.83470771968,111768.82365136612,111768.82365136612,-448.26313588207097,-448.26313588207097,-448.26313588207097,-448.26313588207097,-448.26313588207097,-448.26313588207097,0.0,0.0,0.0,111320.56051548406
2025-07-06,111982.15937185458,105677.9236479689,117919.63786889921,111982.15937185458,111982.15937185458,-209.42482426439008,-209.42482426439008,-209.42482426439008,-209.42482426439008,-209.42482426439008,-209.42482426439008,0.0,0.0,0.0,111772.73454759018
2025-07-07,112195.49509234302,106458.32571032374,118901.70685703136,112195.49509234302,112195.49509234302,19.775389290687478,19.775389290687478,19.775389290687478,19.775389290687478,19.775389290687478,19.775389290687478,0.0,0.0,0.0,112215.2704816337
2025-07-08,112408.819902455,106048.43483027934,118623.57544023696,112408.819902455,112408.819902455,40.404073086121784,40.404073086121784,40.404073086121784,40.404073086121784,40.404073086121784,40.404073086121784,0.0,0.0,0.0,112449.22397554111
2025-07-09,112622.14471256698,106572.27509188012,119189.09571439798,112622.14471256698,112622.14471256698,447.27229292813087,447.27229292813087,447.27229292813087,447.27229292813087,447.27229292813087,447.27229292813087,0.0,0.0,0.0,113069.41700549511
2025-07-10,112835.46952267896,106567.47758447738,119262.8116386376,112835.46952267896,112835.46952267896,73.8550103739919,73.8550103739919,73.8550103739919,73.8550103739919,73.8550103739919,73.8550103739919,0.0,0.0,0.0,112909.32453305296
2025-07-11,113048.79433279096,106470.41689956513,119532.54888220795,113048.79433279096,113048.79433279096,76.38119446625193,76.38119446625193,76.38119446625193,76.38119446625193,76.38119446625193,76.38119446625193,0.0,0.0,0.0,113125.1755272572
2025-07-12,113262.11914290294,106314.95782451375,119054.91881735904,113262.11914290294,113262.11914290294,-448.26313588256113,-448.26313588256113,-448.26313588256113,-448.26313588256113,-448.26313588256113,-448.26313588256113,0.0,0.0,0.0,112813.85600702038
2025-07-13,113475.44395301492,106947.0260831243,119550.26570766278,113475.44395301492,113475.44395301492,-209.42482426415975,-209.42482426415975,-209.42482426415975,-209.42482426415975,-209.42482426415975,-209.42482426415975,0.0,0.0,0.0,113266.01912875076
2025-07-14,113688.76876312692,107234.22319933095,120453.14654121925,113688.76876312692,113688.76876312692,19.775389291116127,19.775389291116127,19.775389291116127,19.775389291116127,19.775389291116127,19.775389291116127,0.0,0.0,0.0,113708.54415241804
2025-07-15,113902.09357323889,107383.64361472908,119973.75414753196,113902.09357323889,113902.09357323889,40.404073086999496,40.404073086999496,40.404073086999496,40.404073086999496,40.404073086999496,40.404073086999496,0.0,0.0,0.0,113942.4976463259
2025-07-16,114115.41838335087,108521.12901900685,120659.50698492081,114115.41838335087,114115.41838335087,447.27229292832453,447.27229292832453,447.27229292832453,447.27229292832453,447.27229292832453,447.27229292832453,0.0,0.0,0.0,114562.69067627919
2025-07-17,114328.74319346285,108110.87787465195,120983.76539474598,114328.74319346285,114328.74319346285,73.8550103746792,73.8550103746792,73.8550103746792,73.8550103746792,73.8550103746792,73.8550103746792,0.0,0.0,0.0,114402.59820383754
2025-07-18,114542.06800357485,108469.76986049402,120620.85265650503,114542.06800357485,114542.06800357485,76.38119446584764,76.38119446584764,76.38119446584764,76.38119446584764,76.38119446584764,76.38119446584764,0.0,0.0,0.0,114618.4491980407
2025-07-19,114653.30370579746,108353.29795872873,120576.30736657974,114653.30370579746,114653.30370579746,-448.2631358814018,-448.2631358814018,-448.2631358814018,-448.2631358814018,-448.2631358814018,-448.2631358814018,0.0,0.0,0.0,114205.04056991606
2025-07-20,114764.53940802003,108316.63235831432,120778.1274886225,114764.53940802003,114764.53940802003,-209.424824265518,-209.424824265518,-209.424824265518,-209.424824265518,-209.424824265518,-209.424824265518,0.0,0.0,0.0,114555.11458375452
2025-07-21,114875.77511024263,109485.9441070834,121503.03863435613,114875.77511024263,114875.77511024263,19.7753892903095,19.7753892903095,19.7753892903095,19.7753892903095,19.7753892903095,19.7753892903095,0.0,0.0,0.0,114895.55049953294
2025-07-22,114987.01081246522,108763.56408467164,121533.61323120129,114987.01081246522,114987.01081246522,40.40407308688875,40.40407308688875,40.40407308688875,40.40407308688875,40.40407308688875,40.40407308688875,0.0,0.0,0.0,115027.4148855521
2025-07-23,115098.24651468782,109370.16725743265,121657.5436544425,115098.24651468782,115098.24651468782,447.27229292759034,447.27229292759034,447.27229292759034,447.27229292759034,447.27229292759034,447.27229292759034,0.0,0.0,0.0,115545.51880761542
2025-07-24,115209.48221691042,109075.21390805126,121683.82166505978,115209.48221691042,115209.48221691042,73.85501037452323,73.85501037452323,73.85501037452323,73.85501037452323,73.85501037452323,73.85501037452323,0.0,0.0,0.0,115283.33722728494
2025-07-26,115431.95362135558,108598.43053564608,121173.03666233938,115431.95362135558,115431.95362135558,-448.2631358822317,-448.2631358822317,-448.2631358822317,-448.2631358822317,-448.2631358822317,-448.2631358822317,0.0,0.0,0.0,114983.69048547336
2025-07-27,115543.18932357819,108904.87097630967,121874.13754802289,115543.18932357819,115543.18932357819,-209.42482426440125,-209.42482426440125,-209.42482426440125,-209.42482426440125,-209.42482426440125,-209.42482426440125,0.0,0.0,0.0,115333.7644993138
2025-07-28,115654.42502580078,109480.49297789647,122300.5506448221,115654.42502580078,115654.42502580078,19.77538928992606,19.77538928992606,19.77538928992606,19.77538928992606,19.77538928992606,19.77538928992606,0.0,0.0,0.0,115674.2004150907
2025-07-29,115765.66072802334,109439.11186591568,121477.38881031181,115765.66072802334,115765.66072802334,40.40407308677795,40.40407308677795,40.40407308677795,40.40407308677795,40.40407308677795,40.40407308677795,0.0,0.0,0.0,115806.06480111011
2025-07-30,115780.02474369877,110042.51397505717,122161.52188168778,115780.02474369877,115780.02474369877,447.27229292887574,447.27229292887574,447.27229292887574,447.27229292887574,447.27229292887574,447.27229292887574,0.0,0.0,0.0,116227.29703662764
2025-07-31,115794.38875937417,109595.4727426511,122154.88244455405,115794.38875937417,115794.38875937417,73.85501037437689,73.85501037437689,73.85501037437689,73.85501037437689,73.85501037437689,73.85501037437689,0.0,0.0,0.0,115868.24376974854
2025-08-01,115808.7527750496,109889.07824548926,121813.63735146618,115808.7527750496,115808.7527750496,76.3811944655936,76.3811944655936,76.3811944655936,76.3811944655936,76.3811944655936,76.3811944655936,0.0,0.0,0.0,115885.13396951518
2025-08-02,115823.11679072499,108980.28022009318,122026.56173716125,115823.11679072499,115823.11679072499,-448.26313588206705,-448.26313588206705,-448.26313588206705,-448.26313588206705,-448.26313588206705,-448.26313588206705,0.0,0.0,0.0,115374.85365484293
2025-08-03,115837.48080640042,109743.36589458639,122133.3923289343,115837.48080640042,115837.48080640042,-209.42482426328456,-209.42482426328456,-209.42482426328456,-209.42482426328456,-209.42482426328456,-209.42482426328456,0.0,0.0,0.0,115628.05598213713
2025-08-04,115851.84482207583,109369.99442779063,122127.15664703147,115851.84482207583,115851.84482207583,19.77538928911943,19.77538928911943,19.77538928911943,19.77538928911943,19.77538928911943,19.77538928911943,0.0,0.0,0.0,115871.62021136495
2025-08-05,115866.20883775124,109592.17176317325,122546.69552409873,115866.20883775124,115866.20883775124,40.40407308666727,40.40407308666727,40.40407308666727,40.40407308666727,40.40407308666727,40.40407308666727,0.0,0.0,0.0,115906.61291083791
2025-08-06,115880.57285342665,110439.66911854847,122559.0250868207,115880.57285342665,115880.57285342665,447.2722929285234,447.2722929285234,447.2722929285234,447.2722929285234,447.2722929285234,447.2722929285234,0.0,0.0,0.0,116327.84514635518
2025-08-07,115894.93686910206,109494.22130514332,122141.84414516107,115894.93686910206,115894.93686910206,73.85501037422097,73.85501037422097,73.85501037422097,73.85501037422097,73.85501037422097,73.85501037422097,0.0,0.0,0.0,115968.79187947628
2025-08-08,115909.30088477749,109599.27068594424,122050.42222850387,115909.30088477749,115909.30088477749,76.3811944667207,76.3811944667207,76.3811944667207,76.3811944667207,76.3811944667207,76.3811944667207,0.0,0.0,0.0,115985.68207924422
2025-08-09,115923.6649004529,108983.85509927104,121768.89699169676,115923.6649004529,115923.6649004529,-448.2631358819023,-448.2631358819023,-448.2631358819023,-448.2631358819023,-448.2631358819023,-448.2631358819023,0.0,0.0,0.0,115475.401764571
2025-08-10,115889.41866970313,109382.13971700278,121676.77580900175,115889.41866970313,115889.41866970313,-209.42482426464275,-209.42482426464275,-209.42482426464275,-209.42482426464275,-209.42482426464275,-209.42482426464275,0.0,0.0,0.0,115679.99384543848
2025-08-11,115855.17243895336,109959.4318028136,122189.6089925073,115855.17243895336,115855.17243895336,19.775389290783387,19.775389290783387,19.775389290783387,19.775389290783387,19.775389290783387,19.775389290783387,0.0,0.0,0.0,115874.94782824414
2025-08-12,115820.9262082036,109892.77253590862,121820.53171841518,115820.9262082036,115820.9262082036,40.40407308754493,40.40407308754493,40.40407308754493,40.40407308754493,40.40407308754493,40.40407308754493,0.0,0.0,0.0,115861.33028129114
2025-08-13,115786.67997745384,110450.84683346588,122297.10326645023,115786.67997745384,115786.67997745384,447.27229292833516,447.27229292833516,447.27229292833516,447.27229292833516,447.27229292833516,447.27229292833516,0.0,0.0,0.0,116233.95227038217
2025-08-14,115752.43374670406,109520.88701943099,122386.90380733216,115752.43374670406,115752.43374670406,73.855010374065,73.855010374065,73.855010374065,73.855010374065,73.855010374065,73.855010374065,0.0,0.0,0.0,115826.28875707813
2025-08-15,115718.1875159543,109401.37988972092,122376.75776106514,115718.1875159543,115718.1875159543,76.38119446687095,76.38119446687095,76.38119446687095,76.38119446687095,76.38119446687095,76.38119446687095,0.0,0.0,0.0,115794.56871042117
2025-08-16,115683.94128520452,109053.76245566261,121555.98298715292,115683.94128520452,115683.94128520452,-448.2631358813978,-448.2631358813978,-448.2631358813978,-448.2631358813978,-448.2631358813978,-448.2631358813978,0.0,0.0,0.0,115235.67814932312
2025-08-17,115649.69505445476,109220.66015297576,121474.75079758947,115649.69505445476,115649.69505445476,-209.424824263526,-209.424824263526,-209.424824263526,-209.424824263526,-209.424824263526,-209.424824263526,0.0,0.0,0.0,115440.27023019124
2025-08-18,115615.448823705,108788.7422173787,122247.40220553607,115615.448823705,115615.448823705,19.775389289976733,19.775389289976733,19.775389289976733,19.775389289976733,19.775389289976733,19.775389289976733,0.0,0.0,0.0,115635.22421299497
2025-08-19,115581.20259295523,109134.31053702137,122211.84506262984,115581.20259295523,115581.20259295523,40.40407308680492,40.40407308680492,40.40407308680492,40.40407308680492,40.40407308680492,40.40407308680492,0.0,0.0,0.0,115621.60666604203
2025-08-20,115546.95636220546,110036.02910049906,122198.09273333878,115546.95636220546,115546.95636220546,447.2722929279829,447.2722929279829,447.2722929279829,447.2722929279829,447.2722929279829,447.2722929279829,0.0,0.0,0.0,115994.22865513344
2025-08-21,115512.70972857204,109166.30808957662,120944.72232558219,115512.70972857204,115512.70972857204,73.8550103739187,73.8550103739187,73.8550103739187,73.8550103739187,73.8550103739187,73.8550103739187,0.0,0.0,0.0,115586.56473894596
2025-08-22,115478.4630949386,109374.62047807116,121700.85398843483,115478.4630949386,115478.4630949386,76.38119446591207,76.38119446591207,76.38119446591207,76.38119446591207,76.38119446591207,76.38119446591207,0.0,0.0,0.0,115554.84428940451
2025-08-23,115444.21646130519,108792.38168009289,121048.3240420379,115444.21646130519,115444.21646130519,-448.26313588123315,-448.26313588123315,-448.26313588123315,-448.26313588123315,-448.26313588123315,-448.26313588123315,0.0,0.0,0.0,114995.95332542395
2025-08-24,115409.96982767175,108905.86461587307,121627.87686174751,115409.96982767175,115409.96982767175,-209.42482426453324,-209.42482426453324,-209.42482426453324,-209.42482426453324,-209.42482426453324,-209.42482426453324,0.0,0.0,0.0,115200.54500340723
2025-08-25,115375.72319403832,109394.27038310477,121835.2900068568,115375.72319403832,115375.72319403832,19.775389289170082,19.775389289170082,19.775389289170082,19.775389289170082,19.775389289170082,19.775389289170082,0.0,0.0,0.0,115395.49858332748
2025-08-26,115341.47656040489,108754.88119898019,121752.62412510153,115341.47656040489,115341.47656040489,40.404073086694154,40.404073086694154,40.404073086694154,40.404073086694154,40.404073086694154,40.404073086694154,0.0,0.0,0.0,115381.88063349159
2025-08-27,115307.22992677148,109491.99467743622,122102.26989525958,115307.22992677148,115307.22992677148,447.2722929281765,447.2722929281765,447.2722929281765,447.2722929281765,447.2722929281765,447.2722929281765,0.0,0.0,0.0,115754.50221969966
2025-08-28,115272.98329313805,108616.41807887745,121551.60133269112,115272.98329313805,115272.98329313805,73.85501037376274,73.85501037376274,73.85501037376274,73.85501037376274,73.85501037376274,73.85501037376274,0.0,0.0,0.0,115346.83830351182
2025-08-29,115238.73665950462,109589.66445994079,121814.79511982347,115238.73665950462,115238.73665950462,76.38119446606234,76.38119446606234,76.38119446606234,76.38119446606234,76.38119446606234,76.38119446606234,0.0,0.0,0.0,115315.11785397067
2025-08-30,115204.49002587119,108365.38173100706,121208.81908727445,115204.49002587119,115204.49002587119,-448.2631358810684,-448.2631358810684,-448.2631358810684,-448.2631358810684,-448.2631358810684,-448.2631358810684,0.0,0.0,0.0,114756.22688999012
2025-08-31,115170.24339223777,108894.43691690771,121286.2320559763,115170.24339223777,115170.24339223777,-209.42482426341653,-209.42482426341653,-209.42482426341653,-209.42482426341653,-209.42482426341653,-209.42482426341653,0.0,0.0,0.0,114960.81856797435
2025-09-01,115135.99675788768,108976.06541972657,121666.88803746406,115135.99675788768,115135.99675788768,19.775389290834017,19.775389290834017,19.775389290834017,19.775389290834017,19.775389290834017,19.775389290834017,0.0,0.0,0.0,115155.77214717852
2025-09-02,115101.75012353761,108993.997431072,121400.89234543368,115101.75012353761,115101.75012353761,40.404073085594916,40.404073085594916,40.404073085594916,40.404073085594916,40.404073085594916,40.404073085594916,0.0,0.0,0.0,115142.1541966232
2025-09-03,115067.50348918753,109507.61575312764,121942.64560130361,115067.50348918753,115067.50348918753,447.2722929283702,447.2722929283702,447.2722929283702,447.2722929283702,447.2722929283702,447.2722929283702,0.0,0.0,0.0,115514.7757821159
2025-09-04,115033.25685483743,108701.67344366254,121719.12082138701,115033.25685483743,115033.25685483743,73.85501037444998,73.85501037444998,73.85501037444998,73.85501037444998,73.85501037444998,73.85501037444998,0.0,0.0,0.0,115107.11186521187
2025-09-05,114999.01022048734,108402.81401982962,121355.69574140898,114999.01022048734,114999.01022048734,76.38119446621263,76.38119446621263,76.38119446621263,76.38119446621263,76.38119446621263,76.38119446621263,0.0,0.0,0.0,115075.39141495356
2025-09-06,114964.76358613725,108202.96103280912,121022.90444549052,114964.76358613725,114964.76358613725,-448.2631358818982,-448.2631358818982,-448.2631358818982,-448.2631358818982,-448.2631358818982,-448.2631358818982,0.0,0.0,0.0,114516.50045025535
2025-09-07,114930.51695178717,108664.33372222446,121392.07774680377,114930.51695178717,114930.51695178717,-209.42482426353723,-209.42482426353723,-209.42482426353723,-209.42482426353723,-209.42482426353723,-209.42482426353723,0.0,0.0,0.0,114721.09212752363
2025-09-08,114896.27031743708,108653.91472951949,121316.99539737233,114896.27031743708,114896.27031743708,19.775389290027395,19.775389290027395,19.775389290027395,19.775389290027395,19.775389290027395,19.775389290027395,0.0,0.0,0.0,114916.0457067271
2025-09-09,114862.023683087,108648.57980554806,121322.81199899534,114862.023683087,114862.023683087,40.40407308584336,40.40407308584336,40.40407308584336,40.40407308584336,40.40407308584336,40.40407308584336,0.0,0.0,0.0,114902.42775617284
2025-09-10,114827.77704873691,108966.28179945276,121287.99856603723,114827.77704873691,114827.77704873691,447.2722929285637,447.2722929285637,447.2722929285637,447.2722929285637,447.2722929285637,447.2722929285637,0.0,0.0,0.0,115275.04934166548
2025-09-11,114793.53014970003,108818.75975235239,121343.78219298804,114793.53014970003,114793.53014970003,73.85501037429401,73.85501037429401,73.85501037429401,73.85501037429401,73.85501037429401,73.85501037429401,0.0,0.0,0.0,114867.38516007432
2025-09-12,114759.28325066315,108786.50628961755,121341.48531666808,114759.28325066315,114759.28325066315,76.38119446678516,76.38119446678516,76.38119446678516,76.38119446678516,76.38119446678516,76.38119446678516,0.0,0.0,0.0,114835.66444512994
2025-09-13,114725.03635162627,108264.45723088464,120604.92453541429,114725.03635162627,114725.03635162627,-448.263135880739,-448.263135880739,-448.263135880739,-448.263135880739,-448.263135880739,-448.263135880739,0.0,0.0,0.0,114276.77321574553
2025-09-14,114690.78945258938,107942.67405276965,120648.92836566847,114690.78945258938,114690.78945258938,-209.424824263658,-209.424824263658,-209.424824263658,-209.424824263658,-209.424824263658,-209.424824263658,0.0,0.0,0.0,114481.36462832573
2025-09-15,114656.54255355251,108696.52378896455,120798.81816890316,114656.54255355251,114656.54255355251,19.775389289643993,19.775389289643993,19.775389289643993,19.775389289643993,19.775389289643993,19.775389289643993,0.0,0.0,0.0,114676.31794284216
2025-09-16,114622.29565451563,108093.30105108157,121019.19763553822,114622.29565451563,114622.29565451563,40.40407308573259,40.40407308573259,40.40407308573259,40.40407308573259,40.40407308573259,40.40407308573259,0.0,0.0,0.0,114662.69972760137
2025-09-17,114588.04875547875,108683.57033141918,121477.95671216301,114588.04875547875,114588.04875547875,447.2722929282114,447.2722929282114,447.2722929282114,447.2722929282114,447.2722929282114,447.2722929282114,0.0,0.0,0.0,115035.32104840697
2025-09-18,114553.80185644187,108440.16376100505,121093.77408879287,114553.80185644187,114553.80185644187,73.85501037414296,73.85501037414296,73.85501037414296,73.85501037414296,73.85501037414296,73.85501037414296,0.0,0.0,0.0,114627.65686681602
2025-09-19,114519.55495740498,108817.69355422838,121186.28324243384,114519.55495740498,114519.55495740498,76.38119446693544,76.38119446693544,76.38119446693544,76.38119446693544,76.38119446693544,76.38119446693544,0.0,0.0,0.0,114595.93615187191
2025-09-20,114485.3080583681,107985.83314269806,120471.98252444096,114485.3080583681,114485.3080583681,-448.2631358812291,-448.2631358812291,-448.2631358812291,-448.2631358812291,-448.2631358812291,-448.2631358812291,0.0,0.0,0.0,114037.04492248686
2025-09-21,114451.06115933122,107971.50867166407,120552.0415454064,114451.06115933122,114451.06115933122,-209.42482426377873,-209.42482426377873,-209.42482426377873,-209.42482426377873,-209.42482426377873,-209.42482426377873,0.0,0.0,0.0,114241.63633506744
2025-09-22,114375.67184555734,108195.75667574232,120581.57183702252,114375.67184555734,114375.67184555734,19.775389288837335,19.775389288837335,19.775389288837335,19.775389288837335,19.775389288837335,19.775389288837335,0.0,0.0,0.0,114395.44723484619
2025-09-23,114300.28253178346,107752.19118934713,120756.9517939834,114300.28253178346,114300.28253178346,40.4040730866103,40.4040730866103,40.4040730866103,40.4040730866103,40.4040730866103,40.4040730866103,0.0,0.0,0.0,114340.68660487008
2025-09-24,114224.89321800959,108924.81556115534,121118.71381256136,114224.89321800959,114224.89321800959,447.2722929289509,447.2722929289509,447.2722929289509,447.2722929289509,447.2722929289509,447.2722929289509,0.0,0.0,0.0,114672.16551093853
2025-09-25,114149.50390423571,107906.88166084426,119952.25877792228,114149.50390423571,114149.50390423571,73.8550103739918,73.8550103739918,73.8550103739918,73.8550103739918,73.8550103739918,73.8550103739918,0.0,0.0,0.0,114223.35891460971
2025-09-26,114074.11459046185,107725.4144475306,120332.34180266502,114074.11459046185,114074.11459046185,76.38119446597653,76.38119446597653,76.38119446597653,76.38119446597653,76.38119446597653,76.38119446597653,0.0,0.0,0.0,114150.49578492783
2025-09-27,113998.72527668797,107454.63982039865,120126.8278191676,113998.72527668797,113998.72527668797,-448.2631358810644,-448.2631358810644,-448.2631358810644,-448.2631358810644,-448.2631358810644,-448.2631358810644,0.0,0.0,0.0,113550.4621408069
2025-09-28,113923.33596291409,107762.37538354106,119895.77291303537,113923.33596291409,113923.33596291409,-209.42482426266204,-209.42482426266204,-209.42482426266204,-209.42482426266204,-209.42482426266204,-209.42482426266204,0.0,0.0,0.0,113713.91113865143
2025-09-29,113847.94664914021,107485.26419718975,120120.51845829198,113847.94664914021,113847.94664914021,19.775389290501288,19.775389290501288,19.775389290501288,19.775389290501288,19.775389290501288,19.775389290501288,0.0,0.0,0.0,113867.72203843071
2025-09-30,113772.55733536633,107593.34822988583,120072.66268879228,113772.55733536633,113772.55733536633,40.40407308748805,40.40407308748805,40.40407308748805,40.40407308748805,40.40407308748805,40.40407308748805,0.0,0.0,0.0,113812.96140845382
2025-10-01,113697.16802159246,107689.05308325736,120751.76832712645,113697.16802159246,113697.16802159246,447.27229292821676,447.27229292821676,447.27229292821676,447.27229292821676,447.27229292821676,447.27229292821676,0.0,0.0,0.0,114144.44031452067
2025-10-02,113621.77870781858,107148.99848185157,120198.991243248,113621.77870781858,113621.77870781858,73.85501037384064,73.85501037384064,73.85501037384064,73.85501037384064,73.85501037384064,73.85501037384064,0.0,0.0,0.0,113695.63371819242
2025-10-03,113398.3275699405,107206.0958969867,119739.61336354619,113398.3275699405,113398.3275699405,76.38119446612679,76.38119446612679,76.38119446612679,76.38119446612679,76.38119446612679,76.38119446612679,0.0,0.0,0.0,113474.70876440663
2025-10-04,113174.87643206242,106503.94942676056,119162.17352694411,113174.87643206242,113174.87643206242,-448.2631358818942,-448.2631358818942,-448.2631358818942,-448.2631358818942,-448.2631358818942,-448.2631358818942,0.0,0.0,0.0,112726.61329618053
2025-10-05,112951.42529418433,106733.33497671249,118797.72759280934,112951.42529418433,112951.42529418433,-209.42482426402017,-209.42482426402017,-209.42482426402017,-209.42482426402017,-209.42482426402017,-209.42482426402017,0.0,0.0,0.0,112742.00046992031
2025-10-06,112727.97415630624,106628.85444641394,118873.10895940766,112727.97415630624,112727.97415630624,19.775389290117868,19.775389290117868,19.775389290117868,19.775389290117868,19.775389290117868,19.775389290117868,0.0,0.0,0.0,112747.74954559637
2025-10-07,112504.52301842817,106096.6279882403,119019.1778111362,112504.52301842817,112504.52301842817,40.40407308638881,40.40407308638881,40.40407308638881,40.40407308638881,40.40407308638881,40.40407308638881,0.0,0.0,0.0,112544.92709151456
2025-10-08,112281.07188055008,106284.61508143297,118627.74565328637,112281.07188055008,112281.07188055008,447.27229292841037,447.27229292841037,447.27229292841037,447.27229292841037,447.27229292841037,447.27229292841037,0.0,0.0,0.0,112728.34417347849
2025-10-09,112057.620742672,106353.2683112262,118664.01637125641,112057.620742672,112057.620742672,73.85501037452794,73.85501037452794,73.85501037452794,73.85501037452794,73.85501037452794,73.85501037452794,0.0,0.0,0.0,112131.47575304653
2025-10-11,111610.71846691585,105298.70846391593,117802.8729946423,111610.71846691585,111610.71846691585,-448.263135882724,-448.263135882724,-448.263135882724,-448.263135882724,-448.263135882724,-448.263135882724,0.0,0.0,0.0,111162.45533103312
2025-10-12,111387.26732903776,104786.4537829576,117240.3774686639,111387.26732903776,111387.26732903776,-209.42482426378996,-209.42482426378996,-209.42482426378996,-209.42482426378996,-209.42482426378996,-209.42482426378996,0.0,0.0,0.0,111177.84250477397
2025-10-13,111163.81619115968,104329.53282129386,117151.62054301827,111163.81619115968,111163.81619115968,19.77538929054651,19.77538929054651,19.77538929054651,19.77538929054651,19.77538929054651,19.77538929054651,0.0,0.0,0.0,111183.59158045023
2025-10-14,110940.36505328161,104630.19005966556,117240.17989834765,110940.36505328161,110940.36505328161,40.40407308726656,40.40407308726656,40.40407308726656,40.40407308726656,40.40407308726656,40.40407308726656,0.0,0.0,0.0,110980.76912636888
2025-10-15,110628.26933780493,105060.63273436713,116989.02980779155,110628.26933780493,110628.26933780493,447.27229292805805,447.27229292805805,447.27229292805805,447.27229292805805,447.27229292805805,447.27229292805805,0.0,0.0,0.0,111075.54163073299
2025-10-16,110316.17362232824,104156.82464906677,116477.4529048885,110316.17362232824,110316.17362232824,73.85501037437677,73.85501037437677,73.85501037437677,73.85501037437677,73.85501037437677,73.85501037437677,0.0,0.0,0.0,110390.02863270261
2025-10-17,110004.07790685154,103291.39738189318,116606.64039932618,110004.07790685154,110004.07790685154,76.38119446684958,76.38119446684958,76.38119446684958,76.38119446684958,76.38119446684958,76.38119446684958,0.0,0.0,0.0,110080.4591013184
2025-10-18,109691.98219137486,102570.29367685891,115024.75601946829,109691.98219137486,109691.98219137486,-448.26313588156484,-448.26313588156484,-448.26313588156484,-448.26313588156484,-448.26313588156484,-448.26313588156484,0.0,0.0,0.0,109243.71905549329
2025-10-19,109379.88647589818,103185.43847256937,115067.76872034806,109379.88647589818,109379.88647589818,-209.42482426391066,-209.42482426391066,-209.42482426391066,-209.42482426391066,-209.42482426391066,-209.42482426391066,0.0,0.0,0.0,109170.46165163426
2025-10-20,109067.79076042149,103257.97224490665,115605.18886612979,109067.79076042149,109067.79076042149,19.775389289739888,19.775389289739888,19.775389289739888,19.775389289739888,19.775389289739888,19.775389289739888,0.0,0.0,0.0,109087.56614971123
2025-10-22,108443.59932946812,102637.59459892246,115050.87917007136,108443.59932946812,108443.59932946812,447.27229292770573,447.27229292770573,447.27229292770573,447.27229292770573,447.27229292770573,447.27229292770573,0.0,0.0,0.0,108890.87162239583
2025-10-23,108131.50361399143,102037.8744857314,114683.8785782101,108131.50361399143,108131.50361399143,73.85501037422081,73.85501037422081,73.85501037422081,73.85501037422081,73.85501037422081,73.85501037422081,0.0,0.0,0.0,108205.35862436565
2025-10-24,107819.40789851474,101761.5539946255,113790.67763655704,107819.40789851474,107819.40789851474,76.3811944664453,76.3811944664453,76.3811944664453,76.3811944664453,76.3811944664453,76.3811944664453,0.0,0.0,0.0,107895.78909298118
2025-10-25,107507.31218303806,100957.10875463633,113307.41943455221,107507.31218303806,107507.31218303806,-448.26313588239464,-448.26313588239464,-448.26313588239464,-448.26313588239464,-448.26313588239464,-448.26313588239464,0.0,0.0,0.0,107059.04904715565
2025-10-26,107195.21644394247,100864.8897750301,112715.3368513317,107195.21644394247,107195.21644394247,-209.42482426403143,-209.42482426403143,-209.42482426403143,-209.42482426403143,-209.42482426403143,-209.42482426403143,0.0,0.0,0.0,106985.79161967844
2025-10-27,106883.12070484685,100762.94885699956,112861.2396607117,106883.12070484685,106883.12070484685,19.77538929016853,19.77538929016853,19.77538929016853,19.77538929016853,19.77538929016853,19.77538929016853,0.0,0.0,0.0,106902.89609413702
2025-10-28,106571.02496575126,100422.28791455647,112922.48201272506,106571.02496575126,106571.02496575126,40.404073086415735,40.404073086415735,40.404073086415735,40.404073086415735,40.404073086415735,40.404073086415735,0.0,0.0,0.0,106611.42903883768
2025-10-29,106258.92922665564,100565.83236441566,112986.40240270075,106258.92922665564,106258.92922665564,447.2722929284452,447.2722929284452,447.2722929284452,447.2722929284452,447.2722929284452,447.2722929284452,0.0,0.0,0.0,106706.2015195841
2025-10-30,105946.83348756006,99734.16189288061,112111.80556062967,105946.83348756006,105946.83348756006,73.85501037407457,73.85501037407457,73.85501037407457,73.85501037407457,73.85501037407457,73.85501037407457,0.0,0.0,0.0,106020.68849793413
2025-10-31,105634.73774846445,99742.51706779895,111833.12104870734,105634.73774846445,105634.73774846445,76.38119446659555,76.38119446659555,76.38119446659555,76.38119446659555,76.38119446659555,76.38119446659555,0.0,0.0,0.0,105711.11894293105
2025-11-01,105322.64200936884,98827.93403157346,110937.20859904501,105322.64200936884,105322.64200936884,-448.2631358822299,-448.2631358822299,-448.2631358822299,-448.2631358822299,-448.2631358822299,-448.2631358822299,0.0,0.0,0.0,104874.37887348661
2025-11-02,105010.54627027325,98256.84148372656,110860.08669845703,105010.54627027325,105010.54627027325,-209.4248242650386,-209.4248242650386,-209.4248242650386,-209.4248242650386,-209.4248242650386,-209.4248242650386,0.0,0.0,0.0,104801.12144600821
2025-11-03,104698.45053117763,98155.13642397813,111209.77308744258,104698.45053117763,104698.45053117763,19.775389289361897,19.775389289361897,19.775389289361897,19.775389289361897,19.775389289361897,19.775389289361897,0.0,0.0,0.0,104718.225920467
2025-11-05,104074.25905298642,98001.85045700667,110527.89296808318,104074.25905298642,104074.25905298642,447.27229292809295,447.27229292809295,447.27229292809295,447.27229292809295,447.27229292809295,447.27229292809295,0.0,0.0,0.0,104521.53134591451
2025-11-06,103762.16331389084,97644.82107582949,110021.88156389853,103762.16331389084,103762.16331389084,73.8550103739186,73.8550103739186,73.8550103739186,73.8550103739186,73.8550103739186,73.8550103739186,0.0,0.0,0.0,103836.01832426476
2025-11-07,103450.0675800409,97583.41815509765,109852.2075747605,103450.0675800409,103450.0675800409,76.38119446619126,76.38119446619126,76.38119446619126,76.38119446619126,76.38119446619126,76.38119446619126,0.0,0.0,0.0,103526.44877450708
2025-11-08,103137.97184619097,96404.30197375975,108689.7810190519,103137.97184619097,103137.97184619097,-448.2631358817255,-448.2631358817255,-448.2631358817255,-448.2631358817255,-448.2631358817255,-448.2631358817255,0.0,0.0,0.0,102689.70871030923
2025-11-09,102825.87611234102,95953.80675855397,108331.6361520496,102825.87611234102,102825.87611234102,-209.4248242651593,-209.4248242651593,-209.4248242651593,-209.4248242651593,-209.4248242651593,-209.4248242651593,0.0,0.0,0.0,102616.45128807586
2025-11-10,102513.7803784911,96354.7743117444,108579.96468964129,102513.7803784911,102513.7803784911,19.775389291025842,19.775389291025842,19.775389291025842,19.775389291025842,19.775389291025842,19.775389291025842,0.0,0.0,0.0,102533.55576778212
2025-11-11,102201.68464464117,95940.46666588518,108480.02127925897,102201.68464464117,102201.68464464117,40.40407308718271,40.40407308718271,40.40407308718271,40.40407308718271,40.40407308718271,40.40407308718271,0.0,0.0,0.0,102242.08871772834
2025-11-12,101889.58891079124,95636.41613372817,108718.21035737231,101889.58891079124,101889.58891079124,447.27229292845067,447.27229292845067,447.27229292845067,447.27229292845067,447.27229292845067,447.27229292845067,0.0,0.0,0.0,102336.86120371969
2025-11-13,101577.49317694131,95452.62530561221,107756.02345819365,101577.49317694131,101577.49317694131,73.85501037460578,73.85501037460578,73.85501037460578,73.85501037460578,73.85501037460578,73.85501037460578,0.0,0.0,0.0,101651.34818731592
2025-11-15,100953.30170924145,94328.50606903808,106805.0233535709,100953.30170924145,100953.30170924145,-448.26313588156074,-448.26313588156074,-448.26313588156074,-448.26313588156074,-448.26313588156074,-448.26313588156074,0.0,0.0,0.0,100505.0385733599
2025-11-16,100641.20597539152,94071.36498618852,106437.04971145478,100641.20597539152,100641.20597539152,-209.4248242652801,-209.4248242652801,-209.4248242652801,-209.4248242652801,-209.4248242652801,-209.4248242652801,0.0,0.0,0.0,100431.78115112624
2025-11-17,100329.11024154158,94299.01627790739,106857.80153156846,100329.11024154158,100329.11024154158,19.77538929021919,19.77538929021919,19.77538929021919,19.77538929021919,19.77538929021919,19.77538929021919,0.0,0.0,0.0,100348.8856308318
2025-11-18,100017.01450769168,93528.91753545027,106322.81558230556,100017.01450769168,100017.01450769168,40.404073087071936,40.404073087071936,40.404073087071936,40.404073087071936,40.404073087071936,40.404073087071936,0.0,0.0,0.0,100057.41858077876
2025-11-19,99704.92410517413,93707.49580871899,106169.38042468744,99704.92410517413,99704.92410517413,447.2722929280984,447.2722929280984,447.2722929280984,447.2722929280984,447.2722929280984,447.2722929280984,0.0,0.0,0.0,100152.19639810223
2025-11-22,98768.6528976215,92203.17892149663,104792.02455180504,98768.6528976215,98768.6528976215,-448.26313588139607,-448.26313588139607,-448.26313588139607,-448.26313588139607,-448.26313588139607,-448.26313588139607,0.0,0.0,0.0,98320.38976174011
2025-11-23,98456.56249510396,92150.49108009979,104619.8864619639,98456.56249510396,98456.56249510396,-209.42482426416333,-209.42482426416333,-209.42482426416333,-209.42482426416333,-209.42482426416333,-209.42482426416333,0.0,0.0,0.0,98247.1376708398
2025-11-24,98144.47209258641,91265.765266633,104158.2358841246,98144.47209258641,98144.47209258641,19.775389289835783,19.775389289835783,19.775389289835783,19.775389289835783,19.775389289835783,19.775389289835783,0.0,0.0,0.0,98164.24748187624
2025-11-25,97832.38169006887,92032.20989055844,104517.71284612366,97832.38169006887,97832.38169006887,40.404073087949655,40.404073087949655,40.404073087949655,40.404073087949655,40.404073087949655,40.404073087949655,0.0,0.0,0.0,97872.78576315682
2025-11-26,97520.29128755131,92041.56097352481,104347.27693798294,97520.29128755131,97520.29128755131,447.2722929282919,447.2722929282919,447.2722929282919,447.2722929282919,447.2722929282919,447.2722929282919,0.0,0.0,0.0,97967.5635804796
2025-11-27,97208.2008850338,90749.71692858418,103277.85653824623,97208.2008850338,97208.2008850338,73.85501037430357,73.85501037430357,73.85501037430357,73.85501037430357,73.85501037430357,73.85501037430357,0.0,0.0,0.0,97282.0558954081
2025-11-28,96896.11048251625,90385.6975247186,102991.43841450092,96896.11048251625,96896.11048251625,76.38119446553291,76.38119446553291,76.38119446553291,76.38119446553291,76.38119446553291,76.38119446553291,0.0,0.0,0.0,96972.49167698178
2025-11-29,96584.0200799987,89938.47575794341,102462.40512087826,96584.0200799987,96584.0200799987,-448.26313588089164,-448.26313588089164,-448.26313588089164,-448.26313588089164,-448.26313588089164,-448.26313588089164,0.0,0.0,0.0,96135.75694411782
2025-11-30,96271.92967748115,89747.06240942201,102318.62740038,96271.92967748115,96271.92967748115,-209.42482426304665,-209.42482426304665,-209.42482426304665,-209.42482426304665,-209.42482426304665,-209.42482426304665,0.0,0.0,0.0,96062.50485321811
2025-12-01,95959.83927496361,89651.93164208459,102336.04693740718,95959.83927496361,95959.83927496361,19.775389290264417,19.775389290264417,19.775389290264417,19.775389290264417,19.775389290264417,19.775389290264417,0.0,0.0,0.0,95979.61466425388
2025-12-03,95415.22277484207,89561.02190173493,102085.7210585066,95415.22277484207,95415.22277484207,447.2722929284855,447.2722929284855,447.2722929284855,447.2722929284855,447.2722929284855,447.2722929284855,0.0,0.0,0.0,95862.49506777055
2025-12-04,95142.91452478131,88909.51333306542,101580.97892831394,95142.91452478131,95142.91452478131,73.85501037414761,73.85501037414761,73.85501037414761,73.85501037414761,73.85501037414761,73.85501037414761,0.0,0.0,0.0,95216.76953515546
2025-12-05,94870.60627472053,88511.05946391103,101218.87143069037,94870.60627472053,94870.60627472053,76.38119446665998,76.38119446665998,76.38119446665998,76.38119446665998,76.38119446665998,76.38119446665998,0.0,0.0,0.0,94946.9874691872
2025-12-06,94598.29802465979,88062.03521682552,100215.95642206272,94598.29802465979,94598.29802465979,-448.2631358817214,-448.2631358817214,-448.2631358817214,-448.2631358817214,-448.2631358817214,-448.2631358817214,0.0,0.0,0.0,94150.03488877807
2025-12-07,94325.989774599,87593.42516490255,101009.24724565941,94325.989774599,94325.989774599,-209.42482426316738,-209.42482426316738,-209.42482426316738,-209.42482426316738,-209.42482426316738,-209.42482426316738,0.0,0.0,0.0,94116.56495033583
2025-12-08,94053.68152453825,88115.37602081528,100726.63281327707,94053.68152453825,94053.68152453825,19.775389290693095,19.775389290693095,19.775389290693095,19.775389290693095,19.775389290693095,19.775389290693095,0.0,0.0,0.0,94073.45691382894
2025-12-09,93781.37327447748,87671.42372571147,99676.9486535729,93781.37327447748,93781.37327447748,40.40407308611042,40.40407308611042,40.40407308611042,40.40407308611042,40.40407308611042,40.40407308611042,0.0,0.0,0.0,93821.77734756359
2025-12-10,93509.0650244167,87400.13467777545,100081.02598130508,93509.0650244167,93509.0650244167,447.27229292829736,447.27229292829736,447.27229292829736,447.27229292829736,447.27229292829736,447.27229292829736,0.0,0.0,0.0,93956.33731734501
2025-12-11,93236.75677435593,87658.59290497952,99318.49606553507,93236.75677435593,93236.75677435593,73.85501037399163,73.85501037399163,73.85501037399163,73.85501037399163,73.85501037399163,73.85501037399163,0.0,0.0,0.0,93310.61178472993
2025-12-12,92964.44852429515,86920.86474706366,99475.1923346737,92964.44852429515,92964.44852429515,76.38119446625569,76.38119446625569,76.38119446625569,76.38119446625569,76.38119446625569,76.38119446625569,0.0,0.0,0.0,93040.82971876141
2025-12-13,92692.14028618945,86151.63996743251,98592.9892359225,92692.14028618945,92692.14028618945,-448.2631358805622,-448.2631358805622,-448.2631358805622,-448.2631358805622,-448.2631358805622,-448.2631358805622,0.0,0.0,0.0,92243.87715030888
2025-12-14,92419.83204808371,86028.81084017377,98450.74482797427,92419.83204808371,92419.83204808371,-209.42482426328814,-209.42482426328814,-209.42482426328814,-209.42482426328814,-209.42482426328814,-209.42482426328814,0.0,0.0,0.0,92210.40722382042
2025-12-15,92147.52380997801,85780.5092712192,98653.71773099784,92147.52380997801,92147.52380997801,19.775389289886423,19.775389289886423,19.775389289886423,19.775389289886423,19.775389289886423,19.775389289886423,0.0,0.0,0.0,92167.2991992679
2025-12-16,91875.21557187228,85647.52243625827,97910.70217889252,91875.21557187228,91875.21557187228,40.40407308599962,40.40407308599962,40.40407308599962,40.40407308599962,40.40407308599962,40.40407308599962,0.0,0.0,0.0,91915.61964495828
2025-12-17,91602.90733376658,86322.37475475644,98394.09593616199,91602.90733376658,91602.90733376658,447.27229292794505,447.27229292794505,447.27229292794505,447.27229292794505,447.27229292794505,447.27229292794505,0.0,0.0,0.0,92050.17962669452
2025-12-18,91330.59909566086,84916.84881859539,97712.58535503177,91330.59909566086,91330.59909566086,73.85501037384053,73.85501037384053,73.85501037384053,73.85501037384053,73.85501037384053,73.85501037384053,0.0,0.0,0.0,91404.4541060347
2025-12-19,91058.29085755514,84920.61638202771,97508.3176190989,91058.29085755514,91058.29085755514,76.3811944658514,76.3811944658514,76.3811944658514,76.3811944658514,76.3811944658514,76.3811944658514,0.0,0.0,0.0,91134.672052021
2025-12-20,90785.98261944942,84397.93288074846,96240.23967639559,90785.98261944942,90785.98261944942,-448.26313588139203,-448.26313588139203,-448.26313588139203,-448.26313588139203,-448.26313588139203,-448.26313588139203,0.0,0.0,0.0,90337.71948356803
2025-12-21,90513.6743813437,83929.90915233562,96793.76695447344,90513.6743813437,90513.6743813437,-209.42482426429532,-209.42482426429532,-209.42482426429532,-209.42482426429532,-209.42482426429532,-209.42482426429532,0.0,0.0,0.0,90304.24955707941
2025-12-22,90241.366143238,83819.4758627845,96374.42046164417,90241.366143238,90241.366143238,19.775389289079786,19.775389289079786,19.775389289079786,19.775389289079786,19.775389289079786,19.775389289079786,0.0,0.0,0.0,90261.14153252708
2025-12-23,89969.0579051323,83532.54379024978,96187.43370999169,89969.0579051323,89969.0579051323,40.40407308687739,40.40407308687739,40.40407308687739,40.40407308687739,40.40407308687739,40.40407308687739,0.0,0.0,0.0,90009.46197821917
2025-12-24,89696.74966928268,84643.082248115,96672.5864332164,89696.74966928268,89696.74966928268,447.2722929286845,447.2722929286845,447.2722929286845,447.2722929286845,447.2722929286845,447.2722929286845,0.0,0.0,0.0,90144.02196221137
2025-12-25,89424.44143343305,83179.64147871561,95479.13649516997,89424.44143343305,89424.44143343305,73.85501037368938,73.85501037368938,73.85501037368938,73.85501037368938,73.85501037368938,73.85501037368938,0.0,0.0,0.0,89498.29644380674
2025-12-26,89152.13319758343,83679.19847893331,95597.53397023186,89152.13319758343,89152.13319758343,76.38119446697851,76.38119446697851,76.38119446697851,76.38119446697851,76.38119446697851,76.38119446697851,0.0,0.0,0.0,89228.5143920504
2025-12-27,88879.82496173382,82277.01483848803,94741.15699671977,88879.82496173382,88879.82496173382,-448.2631358812273,-448.2631358812273,-448.2631358812273,-448.2631358812273,-448.2631358812273,-448.2631358812273,0.0,0.0,0.0,88431.5618258526
2025-12-28,88607.5167258842,81924.63352253502,94734.56813211353,88607.5167258842,88607.5167258842,-209.42482426317852,-209.42482426317852,-209.42482426317852,-209.42482426317852,-209.42482426317852,-209.42482426317852,0.0,0.0,0.0,88398.09190162102
2025-12-29,88335.20849003458,81950.47628314124,94400.5375555679,88335.20849003458,88335.20849003458,19.775389289508443,19.775389289508443,19.775389289508443,19.775389289508443,19.775389289508443,19.775389289508443,0.0,0.0,0.0,88354.98387932409
2025-12-30,88062.90025418495,82182.87055505537,94569.74699007932,88062.90025418495,88062.90025418495,40.404073086766594,40.404073086766594,40.404073086766594,40.404073086766594,40.404073086766594,40.404073086766594,0.0,0.0,0.0,88103.30432727172
2025-12-31,87790.59201833534,82020.67421896313,94635.56921261876,87790.59201833534,87790.59201833534,447.2722929283322,447.2722929283322,447.2722929283322,447.2722929283322,447.2722929283322,447.2722929283322,0.0,0.0,0.0,88237.86431126368
2026-01-01,87518.28378248571,81327.13511366544,94022.29915014403,87518.28378248571,87518.28378248571,73.85501037437666,73.85501037437666,73.85501037437666,73.85501037437666,73.85501037437666,73.85501037437666,0.0,0.0,0.0,87592.13879286009
2026-01-02,87245.9755466361,80979.69432620877,93268.53973101401,87245.9755466361,87245.9755466361,76.38119446657416,76.38119446657416,76.38119446657416,76.38119446657416,76.38119446657416,76.38119446657416,0.0,0.0,0.0,87322.35674110267
2026-01-03,86973.66731078648,80347.94703951356,92748.6062879078,86973.66731078648,86973.66731078648,-448.2631358820571,-448.2631358820571,-448.2631358820571,-448.2631358820571,-448.2631358820571,-448.2631358820571,0.0,0.0,0.0,86525.40417490443
2026-01-04,86701.35905792072,80440.48105024682,92454.08128540014,86701.35905792072,86701.35905792072,-209.42482426453677,-209.42482426453677,-209.42482426453677,-209.42482426453677,-209.42482426453677,-209.42482426453677,0.0,0.0,0.0,86491.93423365618
2026-01-05,86429.05080505498,80239.43479273803,92794.03300010384,86429.05080505498,86429.05080505498,19.775389291595637,19.775389291595637,19.775389291595637,19.775389291595637,19.775389291595637,19.775389291595637,0.0,0.0,0.0,86448.82619434658
2026-01-06,86156.74255218924,79583.22737264905,92616.17399204159,86156.74255218924,86156.74255218924,40.404073086026564,40.404073086026564,40.404073086026564,40.404073086026564,40.404073086026564,40.404073086026564,0.0,0.0,0.0,86197.14662527527
2026-01-07,85884.43429932349,79665.42192255342,92597.83990559404,85884.43429932349,85884.43429932349,447.27229292852587,447.27229292852587,447.27229292852587,447.27229292852587,447.27229292852587,447.27229292852587,0.0,0.0,0.0,86331.70659225201
2026-01-08,85612.12604645775,79328.32790983995,92187.05854811844,85612.12604645775,85612.12604645775,73.8550103742207,73.8550103742207,73.8550103742207,73.8550103742207,73.8550103742207,73.8550103742207,0.0,0.0,0.0,85685.98105683197
2026-01-09,85339.81779359201,78784.58968757572,91881.6460814514,85339.81779359201,85339.81779359201,76.3811944667245,76.3811944667245,76.3811944667245,76.3811944667245,76.3811944667245,76.3811944667245,0.0,0.0,0.0,85416.19898805874
2026-01-10,85067.50954072626,78231.49770566872,90860.72646623726,85067.50954072626,85067.50954072626,-448.2631358818924,-448.2631358818924,-448.2631358818924,-448.2631358818924,-448.2631358818924,-448.2631358818924,0.0,0.0,0.0,84619.24640484437
2026-01-11,84795.2012878605,78568.91246288842,90658.63388147173,84795.2012878605,84795.2012878605,-209.42482426342002,-209.42482426342002,-209.42482426342002,-209.42482426342002,-209.42482426342002,-209.42482426342002,0.0,0.0,0.0,84585.77646359708
2026-01-12,84522.89303499476,78223.04618222012,90757.48797884045,84522.89303499476,84522.89303499476,19.775389290788983,19.775389290788983,19.775389290788983,19.775389290788983,19.775389290788983,19.775389290788983,0.0,0.0,0.0,84542.66842428556
2026-01-13,84250.58478212902,78172.51424486614,90406.10615856489,84250.58478212902,84250.58478212902,40.40407308591582,40.40407308591582,40.40407308591582,40.40407308591582,40.40407308591582,40.40407308591582,0.0,0.0,0.0,84290.98885521494
2026-01-14,83978.27652926327,78490.8225832891,90808.96026537122,83978.27652926327,83978.27652926327,447.2722929281735,447.2722929281735,447.2722929281735,447.2722929281735,447.2722929281735,447.2722929281735,0.0,0.0,0.0,84425.54882219144
2026-01-15,83705.96827639753,76705.7288596728,90157.89908113341,83705.96827639753,83705.96827639753,73.85501037407435,73.85501037407435,73.85501037407435,73.85501037407435,73.85501037407435,73.85501037407435,0.0,0.0,0.0,83779.8232867716
2026-01-16,83433.66002353179,77507.83159685237,90372.96136116654,83433.66002353179,83433.66002353179,76.38119446576559,76.38119446576559,76.38119446576559,76.38119446576559,76.38119446576559,76.38119446576559,0.0,0.0,0.0,83510.04121799755
2026-01-17,83161.35177066605,76291.67833979162,88730.27030407265,83161.35177066605,83161.35177066605,-448.263135881388,-448.263135881388,-448.263135881388,-448.263135881388,-448.263135881388,-448.263135881388,0.0,0.0,0.0,82713.08863478467
2026-01-18,82889.0435178003,75961.02015668013,89094.05355426353,82889.0435178003,82889.0435178003,-209.4248242635408,-209.4248242635408,-209.4248242635408,-209.4248242635408,-209.4248242635408,-209.4248242635408,0.0,0.0,0.0,82679.61869353676
2026-01-19,82616.73526493454,75914.42465620361,88438.98473060179,82616.73526493454,82616.73526493454,19.77538928998235,19.77538928998235,19.77538928998235,19.77538928998235,19.77538928998235,19.77538928998235,0.0,0.0,0.0,82636.51065422452
2026-01-20,82344.4270120688,76155.35002049642,88699.13521923737,82344.4270120688,82344.4270120688,40.404073086793545,40.404073086793545,40.404073086793545,40.404073086793545,40.404073086793545,40.404073086793545,0.0,0.0,0.0,82384.8310851556
2026-01-21,82072.11875920305,75963.34238711078,88558.00375887202,82072.11875920305,82072.11875920305,447.2722929283671,447.2722929283671,447.2722929283671,447.2722929283671,447.2722929283671,447.2722929283671,0.0,0.0,0.0,82519.39105213141
2026-01-22,81799.81050633731,75267.65199312227,87881.61743500421,81799.81050633731,81799.81050633731,73.85501037475677,73.85501037475677,73.85501037475677,73.85501037475677,73.85501037475677,73.85501037475677,0.0,0.0,0.0,81873.66551671206
2026-01-23,81527.50225347157,75514.85360726182,88507.84969796326,81527.50225347157,81527.50225347157,76.38119446591585,76.38119446591585,76.38119446591585,76.38119446591585,76.38119446591585,76.38119446591585,0.0,0.0,0.0,81603.88344793748
2026-01-24,81255.19400060583,74696.69706053364,87250.1449127265,81255.19400060583,81255.19400060583,-448.2631358812232,-448.2631358812232,-448.2631358812232,-448.2631358812232,-448.2631358812232,-448.2631358812232,0.0,0.0,0.0,80806.9308647246
2026-01-25,80982.88574774007,74485.02162196492,87196.28950690787,80982.88574774007,80982.88574774007,-209.42482426242407,-209.42482426242407,-209.42482426242407,-209.42482426242407,-209.42482426242407,-209.42482426242407,0.0,0.0,0.0,80773.46092347764
2026-01-26,80710.57749487433,74386.01726059579,86781.38573208656,80710.57749487433,80710.57749487433,19.775389290410995,19.775389290410995,19.775389290410995,19.775389290410995,19.775389290410995,19.775389290410995,0.0,0.0,0.0,80730.35288416475
2026-01-27,80438.26924200858,74053.02654954775,86659.44242063236,80438.26924200858,80438.26924200858,40.40407308569428,40.40407308569428,40.40407308569428,40.40407308569428,40.40407308569428,40.40407308569428,0.0,0.0,0.0,80478.67331509427
2026-01-28,80165.96098914283,74078.67879949496,86533.50992526396,80165.96098914283,80165.96098914283,447.27229292817896,447.27229292817896,447.27229292817896,447.27229292817896,447.27229292817896,447.27229292817896,0.0,0.0,0.0,80613.233282071
2026-01-30,79621.34448341135,73814.77573057298,85596.1061143827,79621.34448341135,79621.34448341135,76.38119446606615,76.38119446606615,76.38119446606615,76.38119446606615,76.38119446606615,76.38119446606615,0.0,0.0,0.0,79697.72567787742
2026-02-01,79076.72797767985,72470.58352026853,85181.33978079353,79076.72797767985,79076.72797767985,-209.42482426254486,-209.42482426254486,-209.42482426254486,-209.42482426254486,-209.42482426254486,-209.42482426254486,0.0,0.0,0.0,78867.3031534173
2026-02-08,77170.57020761963,70489.2896710013,83038.94473609835,77170.57020761963,77170.57020761963,-209.4248242647895,-209.4248242647895,-209.4248242647895,-209.4248242647895,-209.4248242647895,-209.4248242647895,0.0,0.0,0.0,76961.14538335484
2026-02-09,76898.26195475389,70948.18628649459,83185.49157160938,76898.26195475389,76898.26195475389,19.77538929045625,19.77538929045625,19.77538929045625,19.77538929045625,19.77538929045625,19.77538929045625,0.0,0.0,0.0,76918.03734404435
2026-02-10,76625.95370188815,70298.86148000354,82913.68285906893,76625.95370188815,76625.95370188815,40.40407308744974,40.40407308744974,40.40407308744974,40.40407308744974,40.40407308744974,40.40407308744974,0.0,0.0,0.0,76666.35777497561
2026-02-11,76353.6454490224,70381.28592082518,82943.26918123447,76353.6454490224,76353.6454490224,447.2722929280201,447.2722929280201,447.2722929280201,447.2722929280201,447.2722929280201,447.2722929280201,0.0,0.0,0.0,76800.91774195041
2026-02-12,76081.33719615664,69903.96654795927,82333.27405971657,76081.33719615664,76081.33719615664,73.85501037430342,73.85501037430342,73.85501037430342,73.85501037430342,73.85501037430342,73.85501037430342,0.0,0.0,0.0,76155.19220653095
2026-02-13,75809.0289432909,69186.64042296777,82136.9637573069,75809.0289432909,75809.0289432909,76.38119446734352,76.38119446734352,76.38119446734352,76.38119446734352,76.38119446734352,76.38119446734352,0.0,0.0,0.0,75885.41013775826
2026-02-14,75536.72069042517,68699.29805900472,81395.79391659993,75536.72069042517,75536.72069042517,-448.2631358817236,-448.2631358817236,-448.2631358817236,-448.2631358817236,-448.2631358817236,-448.2631358817236,0.0,0.0,0.0,75088.45755454343
2026-02-15,75264.41243755941,68913.63592563156,81036.3116222175,75264.41243755941,75264.41243755941,-209.42482426491023,-209.42482426491023,-209.42482426491023,-209.42482426491023,-209.42482426491023,-209.42482426491023,0.0,0.0,0.0,75054.9876132945
2026-02-16,74992.10418469367,68928.52798680583,81327.65971495905,74992.10418469367,74992.10418469367,19.775389289649592,19.775389289649592,19.775389289649592,19.775389289649592,19.775389289649592,19.775389289649592,0.0,0.0,0.0,75011.87957398331
2026-02-17,74719.79593182792,68083.82896280421,81294.81414381151,74719.79593182792,74719.79593182792,40.404073087338965,40.404073087338965,40.404073087338965,40.404073087338965,40.404073087338965,40.404073087338965,0.0,0.0,0.0,74760.20000491526
2026-02-18,74447.48767896218,68596.5469062987,81076.14040713898,74447.48767896218,74447.48767896218,447.2722929287596,447.2722929287596,447.2722929287596,447.2722929287596,447.2722929287596,447.2722929287596,0.0,0.0,0.0,74894.75997189093
2026-02-19,74175.17942609642,67902.64922581757,80445.8348457089,74175.17942609642,74175.17942609642,73.85501037415231,73.85501037415231,73.85501037415231,73.85501037415231,73.85501037415231,73.85501037415231,0.0,0.0,0.0,74249.03443647058
2026-02-20,73902.8711732307,67789.54828722125,80395.73987394063,73902.8711732307,73902.8711732307,76.38119446638458,76.38119446638458,76.38119446638458,76.38119446638458,76.38119446638458,76.38119446638458,0.0,0.0,0.0,73979.25236769709
2026-02-21,73630.56292036493,66964.48923072693,79635.87397633608,73630.56292036493,73630.56292036493,-448.26313588255346,-448.26313588255346,-448.26313588255346,-448.26313588255346,-448.26313588255346,-448.26313588255346,0.0,0.0,0.0,73182.29978448237
2026-02-22,73358.25466749919,66805.5269263111,79282.59148284473,73358.25466749919,73358.25466749919,-209.42482426379354,-209.42482426379354,-209.42482426379354,-209.42482426379354,-209.42482426379354,-209.42482426379354,0.0,0.0,0.0,73148.82984323539
2026-02-23,73085.94641463345,67054.35985075083,79478.30220154561,73085.94641463345,73085.94641463345,19.77538929007825,19.77538929007825,19.77538929007825,19.77538929007825,19.77538929007825,19.77538929007825,0.0,0.0,0.0,73105.72180392353
2026-02-24,72813.6381617677,66479.721707467,79348.42842109063,72813.6381617677,72813.6381617677,40.404073087587435,40.404073087587435,40.404073087587435,40.404073087587435,40.404073087587435,40.404073087587435,0.0,0.0,0.0,72854.04223485528
2026-02-26,72269.02165603622,65954.05355688554,78534.23296486468,72269.02165603622,72269.02165603622,73.85501037400115,73.85501037400115,73.85501037400115,73.85501037400115,73.85501037400115,73.85501037400115,0.0,0.0,0.0,72342.87666641021
2026-02-27,71996.71340317048,65810.70667132428,78001.32109025445,71996.71340317048,71996.71340317048,76.38119446653491,76.38119446653491,76.38119446653491,76.38119446653491,76.38119446653491,76.38119446653491,0.0,0.0,0.0,72073.09459763701
2026-02-28,71724.40515030471,64695.51179888157,77131.32066511568,71724.40515030471,71724.40515030471,-448.2631358823887,-448.2631358823887,-448.2631358823887,-448.2631358823887,-448.2631358823887,-448.2631358823887,0.0,0.0,0.0,71276.14201442232
2026-03-01,71452.09689743897,65051.37627739241,77230.01635797207,71452.09689743897,71452.09689743897,-209.42482426480066,-209.42482426480066,-209.42482426480066,-209.42482426480066,-209.42482426480066,-209.42482426480066,0.0,0.0,0.0,71242.67207317417
2026-03-02,71179.78864457323,64823.76335344273,77811.63884731983,71179.78864457323,71179.78864457323,19.775389290506897,19.775389290506897,19.775389290506897,19.775389290506897,19.775389290506897,19.775389290506897,0.0,0.0,0.0,71199.56403386373
2026-03-03,70907.48039170748,64139.569748570764,76876.90242093209,70907.48039170748,70907.48039170748,40.404073086488175,40.404073086488175,40.404073086488175,40.404073086488175,40.404073086488175,40.404073086488175,0.0,0.0,0.0,70947.88446479397
2026-03-05,70362.863885976,63933.488437486834,76608.72380561069,70362.863885976,70362.863885976,73.85501037384523,73.85501037384523,73.85501037384523,73.85501037384523,73.85501037384523,73.85501037384523,0.0,0.0,0.0,70436.71889634983
2026-03-06,70090.55563311026,63844.143411741956,76477.06183380797,70090.55563311026,70090.55563311026,76.38119446613057,76.38119446613057,76.38119446613057,76.38119446613057,76.38119446613057,76.38119446613057,0.0,0.0,0.0,70166.93682757638
2026-03-07,69818.24738024449,62993.286289160416,75910.5031736818,69818.24738024449,69818.24738024449,-448.2631358818843,-448.2631358818843,-448.2631358818843,-448.2631358818843,-448.2631358818843,-448.2631358818843,0.0,0.0,0.0,69369.9842443626
2026-03-08,69545.93912737876,62720.39015766326,75694.98822133275,69545.93912737876,69545.93912737876,-209.42482426368397,-209.42482426368397,-209.42482426368397,-209.42482426368397,-209.42482426368397,-209.42482426368397,0.0,0.0,0.0,69336.51430311508
2026-03-09,69273.63087451301,62925.53909625271,75624.45309592101,69273.63087451301,69273.63087451301,19.775389290935554,19.775389290935554,19.775389290935554,19.775389290935554,19.775389290935554,19.775389290935554,0.0,0.0,0.0,69293.40626380395
2026-03-10,69001.32262164725,62572.03963016044,75534.24065596443,69001.32262164725,69001.32262164725,40.40407308736591,40.40407308736591,40.40407308736591,40.40407308736591,40.40407308736591,40.40407308736591,0.0,0.0,0.0,69041.72669473462
2026-03-11,68729.01436878151,63026.81963141046,75807.75797749203,68729.01436878151,68729.01436878151,447.27229292841275,447.27229292841275,447.27229292841275,447.27229292841275,447.27229292841275,447.27229292841275,0.0,0.0,0.0,69176.28666170992
2026-03-12,68456.70611591577,62336.07323482834,74977.02379148401,68456.70611591577,68456.70611591577,73.85501037453243,73.85501037453243,73.85501037453243,73.85501037453243,73.85501037453243,73.85501037453243,0.0,0.0,0.0,68530.56112629031
2026-03-13,68184.39786305004,62233.09761285393,74395.11115576861,68184.39786305004,68184.39786305004,76.38119446572628,76.38119446572628,76.38119446572628,76.38119446572628,76.38119446572628,76.38119446572628,0.0,0.0,0.0,68260.77905751576
2026-03-14,67912.08961018428,61463.17991977478,74138.7235231998,67912.08961018428,67912.08961018428,-448.26313588072503,-448.26313588072503,-448.26313588072503,-448.26313588072503,-448.26313588072503,-448.26313588072503,0.0,0.0,0.0,67463.82647430355
2026-03-15,67639.78135731854,60905.26805492972,73776.78236585463,67639.78135731854,67639.78135731854,-209.42482426504216,-209.42482426504216,-209.42482426504216,-209.42482426504216,-209.42482426504216,-209.42482426504216,0.0,0.0,0.0,67430.3565330535
2026-03-16,67367.47310445279,61723.678296253216,73965.19506166146,67367.47310445279,67367.47310445279,19.7753892901289,19.7753892901289,19.7753892901289,19.7753892901289,19.7753892901289,19.7753892901289,0.0,0.0,0.0,67387.24849374291
2026-03-17,67095.16485158705,61074.55683172358,72978.34263220838,67095.16485158705,67095.16485158705,40.4040730872552,40.4040730872552,40.4040730872552,40.4040730872552,40.4040730872552,40.4040730872552,0.0,0.0,0.0,67135.5689246743
2026-03-18,66822.8565987213,60845.81498834304,73104.96254219755,66822.8565987213,66822.8565987213,447.27229292806044,447.27229292806044,447.27229292806044,447.27229292806044,447.27229292806044,447.27229292806044,0.0,0.0,0.0,67270.12889164935
2026-03-19,66550.54834585555,60766.97543609646,73125.76039928802,66550.54834585555,66550.54834585555,73.8550103743765,73.8550103743765,73.8550103743765,73.8550103743765,73.8550103743765,73.8550103743765,0.0,0.0,0.0,66624.40335622993
2026-03-20,66278.24009298981,59918.93415457781,72949.12687802987,66278.24009298981,66278.24009298981,76.38119446532195,76.38119446532195,76.38119446532195,76.38119446532195,76.38119446532195,76.38119446532195,0.0,0.0,0.0,66354.62128745514
2026-03-21,66005.93184012406,59366.98663401905,71719.82975832351,66005.93184012406,66005.93184012406,-448.2631358815549,-448.2631358815549,-448.2631358815549,-448.2631358815549,-448.2631358815549,-448.2631358815549,0.0,0.0,0.0,65557.6687042425
2026-03-22,65733.62358725832,59126.986325703954,72159.87466202925,65733.62358725832,65733.62358725832,-209.42482426392547,-209.42482426392547,-209.42482426392547,-209.42482426392547,-209.42482426392547,-209.42482426392547,0.0,0.0,0.0,65524.1987629944
2026-03-23,65461.31533439258,59243.257401028495,71531.45727407542,65461.31533439258,65461.31533439258,19.775389289745483,19.775389289745483,19.775389289745483,19.775389289745483,19.775389289745483,19.775389289745483,0.0,0.0,0.0,65481.090723682326
2026-03-24,65189.00708152682,59283.134599011246,71418.34757213734,65189.00708152682,65189.00708152682,40.40407308651512,40.40407308651512,40.40407308651512,40.40407308651512,40.40407308651512,40.40407308651512,0.0,0.0,0.0,65229.411154613335
2026-03-25,64916.69882866107,59383.02415168733,71398.03714772584,64916.69882866107,64917.43205363435,447.27229292879997,447.27229292879997,447.27229292879997,447.27229292879997,447.27229292879997,447.27229292879997,0.0,0.0,0.0,65363.97112158987
2026-03-26,64644.39057579534,58619.7289817147,71226.51473039159,64639.44969720878,64654.95570370633,73.85501037423022,73.85501037423022,73.85501037423022,73.85501037423022,73.85501037423022,73.85501037423022,0.0,0.0,0.0,64718.24558616957
2026-03-27,64372.08232292959,58628.17089094878,70414.37102933571,64354.37413323411,64394.32676117869,76.38119446547225,76.38119446547225,76.38119446547225,76.38119446547225,76.38119446547225,76.38119446547225,0.0,0.0,0.0,64448.46351739507
2026-03-28,64099.77407006383,57745.437996585315,70461.41410618661,64067.55090192745,64139.65879244852,-448.2631358810505,-448.2631358810505,-448.2631358810505,-448.2631358810505,-448.2631358810505,-448.2631358810505,0.0,0.0,0.0,63651.51093418278
2026-03-29,63827.4658171981,57805.04827646588,69881.08629677199,63773.88819690583,63891.87452828589,-209.42482426280876,-209.42482426280876,-209.42482426280876,-209.42482426280876,-209.42482426280876,-209.42482426280876,0.0,0.0,0.0,63618.04099293529
2026-03-30,63555.15756433236,57696.43939095147,70026.14626711034,63473.14583290068,63634.72205095916,19.775389288938843,19.775389288938843,19.775389288938843,19.775389288938843,19.775389288938843,19.775389288938843,0.0,0.0,0.0,63574.9329536213
2026-03-31,63282.8493114666,56793.53091042321,69821.45342962489,63178.100640977056,63386.56295501204,40.40407308640432,40.40407308640432,40.40407308640432,40.40407308640432,40.40407308640432,40.40407308640432,0.0,0.0,0.0,63323.253384553005
2026-04-01,63010.54105860085,57149.64223197323,69664.40400112589,62870.526609119646,63141.891271414206,447.27229292844765,447.27229292844765,447.27229292844765,447.27229292844765,447.27229292844765,447.27229292844765,0.0,0.0,0.0,63457.8133515293
2026-04-02,62738.23280573512,56264.938999610305,68982.5082649037,62567.135288168916,62897.18376923567,73.85501037407424,73.85501037407424,73.85501037407424,73.85501037407424,73.85501037407424,73.85501037407424,0.0,0.0,0.0,62812.08781610919
2026-04-03,62465.92455286937,56203.635765298066,68456.90304157822,62269.293591309775,62649.506489813546,76.38119446659934,76.38119446659934,76.38119446659934,76.38119446659934,76.38119446659934,76.38119446659934,0.0,0.0,0.0,62542.30574733597
2026-04-04,62193.61630000361,55140.19095997656,68176.13918055114,61962.46098369727,62411.561591828744,-448.2631358818802,-448.2631358818802,-448.2631358818802,-448.2631358818802,-448.2631358818802,-448.2631358818802,0.0,0.0,0.0,61745.35316412173
2026-04-05,61921.30804713788,55527.79979004076,67772.39306019631,61657.67221361354,62170.86098646913,-209.42482426416697,-209.42482426416697,-209.42482426416697,-209.42482426416697,-209.42482426416697,-209.42482426416697,0.0,0.0,0.0,61711.88322287371
2026-04-06,61648.999794272146,54962.796678029204,67637.02471618431,61343.308300709956,61940.24784209481,19.775389290602796,19.775389290602796,19.775389290602796,19.775389290602796,19.775389290602796,19.775389290602796,0.0,0.0,0.0,61668.77518356275
2026-04-07,61376.691541406384,54688.6255519,67032.34210577475,61019.64540305157,61717.9875943299,40.40407308629361,40.40407308629361,40.40407308629361,40.40407308629361,40.40407308629361,40.40407308629361,0.0,0.0,0.0,61417.095614492675
2026-04-08,61104.38328854064,55007.47374503734,67664.55711453456,60707.15434836105,61479.01144291445,447.2722929282594,447.2722929282594,447.2722929282594,447.2722929282594,447.2722929282594,447.2722929282594,0.0,0.0,0.0,61551.6555814689
2026-04-09,60832.0750356749,54799.654958936706,67299.50913449966,60398.570726326,61252.23983366825,73.85501037391828,73.85501037391828,73.85501037391828,73.85501037391828,73.85501037391828,73.85501037391828,0.0,0.0,0.0,60905.930046048816
2026-04-10,60559.76678280915,54688.5517944003,67043.80496064025,60069.85207764318,61013.48481384228,76.38119446619498,76.38119446619498,76.38119446619498,76.38119446619498,76.38119446619498,76.38119446619498,0.0,0.0,0.0,60636.147977275345
2026-04-11,60287.45852994339,53692.36954700787,65943.41592779277,59768.54147504046,60792.97160728423,-448.2631358817155,-448.2631358817155,-448.2631358817155,-448.2631358817155,-448.2631358817155,-448.2631358817155,0.0,0.0,0.0,59839.19539406167
2026-04-12,60015.15027707766,53873.21928138046,66415.60234887832,59442.75994672254,60562.59544879455,-209.4248242630502,-209.4248242630502,-209.4248242630502,-209.4248242630502,-209.4248242630502,-209.4248242630502,0.0,0.0,0.0,59805.72545281461
2026-04-13,59742.842024211925,53650.51463507654,65997.24926267465,59115.86180830879,60343.989061633336,19.77538928979616,19.77538928979616,19.77538928979616,19.77538928979616,19.77538928979616,19.77538928979616,0.0,0.0,0.0,59762.61741350172
2026-04-14,59470.53377134618,53026.5086640485,65540.32819338726,58792.398531509694,60117.13936147754,40.40407308618283,40.40407308618283,40.40407308618283,40.40407308618283,40.40407308618283,40.40407308618283,0.0,0.0,0.0,59510.93784443236
2026-04-15,59198.225518480416,53173.970049582575,65741.08385866792,58488.180718770214,59896.52749142165,447.27229292790713,447.27229292790713,447.27229292790713,447.27229292790713,447.27229292790713,447.27229292790713,0.0,0.0,0.0,59645.49781140832
2026-04-16,58925.91726561468,52786.74757390897,65593.91563821527,58163.753534382246,59695.80937901346,73.85501037377203,73.85501037377203,73.85501037377203,73.85501037377203,73.85501037377203,73.85501037377203,0.0,0.0,0.0,58999.77227598845
2026-04-17,58653.60901274893,52116.74453830352,64709.61519306201,57846.266536925265,59464.85021441509,76.38119446523612,76.38119446523612,76.38119446523612,76.38119446523612,76.38119446523612,76.38119446523612,0.0,0.0,0.0,58729.99020721416
2026-04-18,58381.30075988317,51427.600244099835,64044.62060092961,57506.10863295864,59266.01571792931,-448.2631358815509,-448.2631358815509,-448.2631358815509,-448.2631358815509,-448.2631358815509,-448.2631358815509,0.0,0.0,0.0,57933.03762400162
2026-04-19,58108.992507017436,51905.16446559508,64351.13856799603,57189.56506281165,59046.62153210247,-209.4248242640574,-209.4248242640574,-209.4248242640574,-209.4248242640574,-209.4248242640574,-209.4248242640574,0.0,0.0,0.0,57899.567682753375
2026-04-20,57836.6842541517,51522.15588096598,63924.64964905497,56871.76684367281,58829.244310679394,19.775389290648032,19.775389290648032,19.775389290648032,19.775389290648032,19.775389290648032,19.775389290648032,0.0,0.0,0.0,57856.45964344235
2026-04-21,57564.37600128596,51398.44818800874,64274.23687466045,56536.33639471031,58615.67958420949,40.40407308706057,40.40407308706057,40.40407308706057,40.40407308706057,40.40407308706057,40.40407308706057,0.0,0.0,0.0,57604.78007437302
