ds,actual_price,predicted_price
2025-03-25,87392.87,82669.96078866231
2025-03-26,86909.17,83411.49992858602
2025-03-27,87232.01,83372.75356611468
2025-03-28,84424.38,83709.95067028783
2025-03-29,82648.54,83519.97726002248
2025-03-30,82389.99,84093.4864917243
2025-03-31,82550.01,84657.35762535907
2025-04-01,85158.34,85012.65722923887
2025-04-02,82516.29,85754.1963691619
2025-04-03,83213.09,85715.45000669024
2025-04-04,83889.87,86052.64711086368
2025-04-05,83537.99,85862.67370059836
2025-04-08,76322.42,87355.35367130519
2025-04-10,79607.3,88058.14644975195
2025-04-12,85276.9,88205.37014465388
2025-04-13,83760.0,88778.87937685243
2025-04-14,84591.58,89342.75051098643
2025-04-15,83643.99,89698.05011536239
2025-04-16,84030.38,90439.58925578288
2025-04-17,84947.91,90400.84289380813
2025-04-18,84474.69,90738.03999847984
2025-04-19,85077.01,90548.06658871136
2025-04-20,85179.24,91121.57582090865
2025-04-21,87516.23,91685.44695927105
2025-04-23,93691.08,92782.28571252614
2025-04-24,93980.47,92743.53935478066
2025-04-25,94638.68,93080.73646368121
2025-04-26,94628.0,92890.7630581414
2025-04-27,93749.3,93464.27229456759
2025-04-28,95011.18,94028.1434329302
2025-04-29,94256.82,94383.44304153601
2025-04-30,94172.0,95124.98218618681
2025-05-01,96489.91,95086.23582844046
2025-05-02,96887.14,95423.43291284805
2025-05-03,95856.42,95233.45948281628
2025-05-04,94277.62,95806.96869474884
2025-05-05,94733.68,96370.83980861747
2025-05-06,96834.02,96726.13939272947
2025-05-07,97030.5,97467.67851288676
2025-05-09,102971.99,97766.1292150552
2025-05-10,104809.53,97576.15578502246
2025-05-11,104118.0,98149.6649969545
2025-05-12,102791.32,98713.5361108249
2025-05-13,104103.72,99068.83569493736
2025-05-14,103507.82,99798.50894987854
2025-05-15,103763.71,99747.89670242419
2025-05-16,103463.9,100073.22792161559
2025-05-17,103126.65,99871.38862636802
2025-05-18,106454.26,100433.03197308557
2025-05-19,105573.74,100985.03722173908
2025-05-20,106849.99,101328.47094063478
2025-05-22,111696.21,102007.5319481232
2025-05-23,107318.3,102332.86316731434
2025-05-24,107761.91,102131.02387206769
2025-05-25,109004.19,102692.66721878463
2025-05-26,109434.79,103144.95481609125
2025-05-27,108938.17,103388.67088364242
2025-05-28,107781.78,104018.62648723813
2025-05-29,105589.75,103868.29658843744
2025-05-30,103985.48,104093.91015628308
2025-05-31,104591.88,103792.35320968983
2025-06-01,105642.93,104254.27890506152
2025-06-02,105857.99,104706.56650236869
2025-06-03,105376.89,104950.28256991712
2025-06-04,104696.86,105580.23817351372
2025-06-05,101508.68,105429.90827471306
2025-06-06,104288.44,105647.04003486286
2025-06-07,105552.15,105337.00128057248
2025-06-08,105734.0,105790.44516824871
2025-06-09,110263.02,106234.25095785905
2025-06-10,110274.39,106469.485217713
2025-06-11,108645.12,107090.95901361278
2025-06-12,105671.73,106932.14730711562
2025-06-13,106066.59,107149.27906726518
2025-06-14,105414.64,106839.24031297636
2025-06-15,105594.01,107292.68420065042
2025-06-16,106794.53,107735.22015439198
2025-06-17,104551.17,107969.1845783753
2025-06-18,104886.78,108589.38853840322
2025-06-19,104658.59,108429.30699603561
2025-06-20,103297.99,108645.16892031636
2025-06-21,102120.01,108333.86033015438
2025-06-22,100963.87,108786.03438195853
2025-06-23,105333.93,109228.57033569939
2025-06-24,106083.0,109462.53475968343
2025-06-25,107340.58,110082.73871971217
2025-06-26,106947.06,109922.65717734455
2025-06-27,107047.59,110138.51908192519
2025-06-28,107296.79,109827.21047206486
2025-06-29,108356.93,110279.38450417251
2025-06-30,107146.5,110721.92043821422
2025-07-01,105681.14,110955.88484249962
2025-07-02,108849.6,111576.08878282932
2025-07-03,109584.78,111416.00722076342
2025-07-04,107984.24,111631.86912534435
2025-07-05,108198.12,111320.56051548406
2025-07-06,109203.84,111772.73454759018
2025-07-07,108262.94,112215.2704816337
2025-07-08,108922.98,112449.22397554111
2025-07-09,111233.99,113069.41700549511
2025-07-10,116010.0,112909.32453305296
2025-07-11,117527.66,113125.1755272572
2025-07-12,117420.0,112813.85600702038
2025-07-13,119086.64,113266.01912875076
2025-07-14,119841.18,113708.54415241804
2025-07-15,117758.09,113942.4976463259
2025-07-16,118630.43,114562.69067627919
2025-07-17,119177.56,114402.59820383754
2025-07-18,117924.84,114618.4491980407
2025-07-19,117840.0,114205.04056991606
2025-07-20,117265.12,114555.11458375452
2025-07-21,117380.36,114895.55049953294
2025-07-22,119954.42,115027.4148855521
2025-07-23,118755.99,115545.51880761542
2025-07-24,118340.99,115283.33722728494
2025-07-26,117919.99,114983.69048547336
2025-07-27,119415.55,115333.7644993138
2025-07-28,118062.32,115674.2004150907
2025-07-29,117950.76,115806.06480111011
2025-07-30,117840.3,116227.29703662764
2025-07-31,115764.08,115868.24376974854
2025-08-01,113297.93,115885.13396951518
2025-08-02,112546.35,115374.85365484293
2025-08-03,114208.8,115628.05598213713
2025-08-04,115055.03,115871.62021136495
2025-08-05,114129.75,115906.61291083791
2025-08-06,114992.27,116327.84514635518
2025-08-07,117472.01,115968.79187947628
2025-08-08,116674.74,115985.68207924422
2025-08-09,116462.25,115475.401764571
2025-08-10,119294.01,115679.99384543848
2025-08-11,118686.0,115874.94782824414
2025-08-12,120134.08,115861.33028129114
2025-08-13,123306.43,116233.95227038217
2025-08-14,118295.09,115826.28875707813
2025-08-15,117342.05,115794.56871042117
2025-08-16,117380.66,115235.67814932312
2025-08-17,117405.01,115440.27023019124
2025-08-18,116227.05,115635.22421299497
2025-08-19,112872.94,115621.60666604203
2025-08-20,114271.24,115994.22865513344
2025-08-21,112500.0,115586.56473894596
2025-08-22,116935.99,115554.84428940451
2025-08-23,115438.05,114995.95332542395
2025-08-24,113493.59,115200.54500340723
2025-08-25,110111.98,115395.49858332748
2025-08-26,111763.22,115381.88063349159
2025-08-27,111262.01,115754.50221969966
2025-08-28,112566.9,115346.83830351182
2025-08-29,108377.4,115315.11785397067
2025-08-30,108816.33,114756.22688999012
2025-08-31,108246.35,114960.81856797435
2025-09-01,109237.42,115155.77214717852
2025-09-02,111240.01,115142.1541966232
2025-09-03,111705.71,115514.7757821159
2025-09-04,110730.87,115107.11186521187
2025-09-05,110659.99,115075.39141495356
2025-09-06,110187.97,114516.50045025535
2025-09-07,111137.34,114721.09212752363
2025-09-08,112065.23,114916.0457067271
2025-09-09,111546.39,114902.42775617284
2025-09-10,113960.0,115275.04934166548
2025-09-11,115482.69,114867.38516007432
2025-09-12,116029.42,114835.66444512994
2025-09-13,115918.29,114276.77321574553
2025-09-14,115268.01,114481.36462832573
2025-09-15,115349.71,114676.31794284216
2025-09-16,116788.96,114662.69972760137
2025-09-17,116447.59,115035.32104840697
2025-09-18,117073.53,114627.65686681602
2025-09-19,115632.38,114595.93615187191
2025-09-20,115685.63,114037.04492248686
2025-09-21,115232.29,114241.63633506744
2025-09-22,112650.99,114395.44723484619
2025-09-23,111998.8,114340.68660487008
2025-09-24,113307.0,114672.16551093853
2025-09-25,108994.49,114223.35891460971
2025-09-26,109643.46,114150.49578492783
2025-09-27,109635.85,113550.4621408069
2025-09-28,112163.95,113713.91113865143
2025-09-29,114311.96,113867.72203843071
2025-09-30,114048.93,113812.96140845382
2025-10-01,118594.99,114144.44031452067
2025-10-02,120529.35,113695.63371819242
2025-10-03,122232.0,113474.70876440663
2025-10-04,122391.0,112726.61329618053
2025-10-05,123482.31,112742.00046992031
2025-10-06,124658.54,112747.74954559637
2025-10-07,121332.95,112544.92709151456
2025-10-08,123306.0,112728.34417347849
2025-10-09,121662.4,112131.47575304653
2025-10-11,110644.4,111162.45533103312
2025-10-12,114958.8,111177.84250477397
2025-10-13,115166.0,111183.59158045023
2025-10-14,113028.14,110980.76912636888
2025-10-15,110763.28,111075.54163073299
2025-10-16,108194.28,110390.02863270261
2025-10-17,106431.68,110080.4591013184
2025-10-18,107185.01,109243.71905549329
2025-10-19,108642.78,109170.46165163426
2025-10-20,110532.09,109087.56614971123
2025-10-22,107567.44,108890.87162239583
2025-10-23,110078.18,108205.35862436565
2025-10-24,111004.89,107895.78909298118
2025-10-25,111646.27,107059.04904715565
2025-10-26,114559.4,106985.79161967844
2025-10-27,114107.65,106902.89609413702
2025-10-28,112898.45,106611.42903883768
2025-10-29,110021.29,106706.2015195841
2025-10-30,108322.88,106020.68849793413
2025-10-31,109608.01,105711.11894293105
2025-11-01,110098.1,104874.37887348661
2025-11-02,110540.68,104801.12144600821
2025-11-03,106583.04,104718.225920467
2025-11-05,103885.16,104521.53134591451
2025-11-06,101346.04,103836.01832426476
2025-11-07,103339.08,103526.44877450708
2025-11-08,102312.94,102689.70871030923
2025-11-09,104722.96,102616.45128807586
2025-11-10,106011.13,102533.55576778212
2025-11-11,103058.99,102242.08871772834
2025-11-12,101654.37,102336.86120371969
2025-11-13,99692.02,101651.34818731592
2025-11-15,95596.24,100505.0385733599
2025-11-16,94261.44,100431.78115112624
2025-11-17,92215.14,100348.8856308318
2025-11-18,92960.83,100057.41858077876
2025-11-19,91554.96,100152.19639810223
2025-11-22,84739.74,98320.38976174011
2025-11-23,86830.0,98247.1376708398
2025-11-24,88300.01,98164.24748187624
2025-11-25,87369.96,97872.78576315682
2025-11-26,90484.02,97967.5635804796
2025-11-27,91333.95,97282.0558954081
2025-11-28,90890.7,96972.49167698178
2025-11-29,90802.44,96135.75694411782
2025-11-30,90360.0,96062.50485321811
2025-12-01,86286.01,95979.61466425388
2025-12-03,93429.95,95862.49506777055
2025-12-04,92078.06,95216.76953515546
2025-12-05,89330.04,94946.9874691872
2025-12-06,89236.79,94150.03488877807
2025-12-07,90395.31,94116.56495033583
2025-12-08,90634.34,94073.45691382894
2025-12-09,92678.8,93821.77734756359
2025-12-10,92015.37,93956.33731734501
2025-12-11,92513.38,93310.61178472993
2025-12-12,90268.42,93040.82971876141
2025-12-13,90240.01,92243.87715030888
2025-12-14,88172.17,92210.40722382042
2025-12-15,86432.08,92167.2991992679
2025-12-16,87863.42,91915.61964495828
2025-12-17,86243.22,92050.17962669452
2025-12-18,85516.41,91404.4541060347
2025-12-19,88136.94,91134.672052021
2025-12-20,88360.9,90337.71948356803
2025-12-21,88658.86,90304.24955707941
2025-12-22,88620.79,90261.14153252708
2025-12-23,87486.0,90009.46197821917
2025-12-24,87669.45,90144.02196221137
2025-12-25,87225.27,89498.29644380674
2025-12-26,87369.56,89228.5143920504
2025-12-27,87877.01,88431.5618258526
2025-12-28,87952.71,88398.09190162102
2025-12-29,87237.13,88354.98387932409
2025-12-30,88485.49,88103.30432727172
2025-12-31,87648.22,88237.86431126368
2026-01-01,88839.04,87592.13879286009
2026-01-02,89995.13,87322.35674110267
2026-01-03,90628.01,86525.40417490443
2026-01-04,91529.73,86491.93423365618
2026-01-05,93859.71,86448.82619434658
2026-01-06,93747.97,86197.14662527527
2026-01-07,91364.16,86331.70659225201
2026-01-08,91099.99,85685.98105683197
2026-01-09,90641.28,85416.19898805874
2026-01-10,90504.7,84619.24640484437
2026-01-11,91013.65,84585.77646359708
2026-01-12,91296.2,84542.66842428556
2026-01-13,95414.0,84290.98885521494
2026-01-14,96951.78,84425.54882219144
2026-01-15,95604.8,83779.8232867716
2026-01-16,95550.94,83510.04121799755
2026-01-17,95147.77,82713.08863478467
2026-01-18,93673.14,82679.61869353676
2026-01-19,92631.0,82636.51065422452
2026-01-20,88427.66,82384.8310851556
2026-01-21,89454.73,82519.39105213141
2026-01-22,89559.67,81873.66551671206
2026-01-23,89600.26,81603.88344793748
2026-01-24,89225.34,80806.9308647246
2026-01-25,86670.36,80773.46092347764
2026-01-26,88347.08,80730.35288416475
2026-01-27,89250.0,80478.67331509427
2026-01-28,89299.99,80613.233282071
2026-01-30,84260.49,79697.72567787742
2026-02-01,76968.21,78867.3031534173
2026-02-08,70330.38,76961.14538335484
2026-02-09,70138.0,76918.03734404435
2026-02-10,68841.29,76666.35777497561
2026-02-11,67082.52,76800.91774195041
2026-02-12,66272.17,76155.19220653095
2026-02-13,68853.96,75885.41013775826
2026-02-14,69822.95,75088.45755454343
2026-02-15,68832.58,75054.9876132945
2026-02-16,68892.43,75011.87957398331
2026-02-17,67503.52,74760.20000491526
2026-02-18,66461.0,74894.75997189093
2026-02-19,67003.73,74249.03443647058
2026-02-20,68020.01,73979.25236769709
2026-02-21,67975.93,73182.29978448237
2026-02-22,67643.4,73148.82984323539
2026-02-23,64656.02,73105.72180392353
2026-02-24,64058.15,72854.04223485528
2026-02-26,67485.18,72342.87666641021
2026-02-27,65872.1,72073.09459763701
2026-02-28,66973.26,71276.14201442232
2026-03-01,65776.47,71242.67207317417
2026-03-02,68830.06,71199.56403386373
2026-03-03,68338.0,70947.88446479397
2026-03-05,70890.72,70436.71889634983
2026-03-06,68114.02,70166.93682757638
2026-03-07,67262.91,69369.9842443626
2026-03-08,65971.2,69336.51430311508
2026-03-09,68432.16,69293.40626380395
2026-03-10,69948.63,69041.72669473462
2026-03-11,70191.86,69176.28666170992
2026-03-12,70541.34,68530.56112629031
2026-03-13,70930.0,68260.77905751576
2026-03-14,71211.95,67463.82647430355
2026-03-15,72815.24,67430.3565330535
2026-03-16,74884.67,67387.24849374291
2026-03-17,73909.36,67135.5689246743
2026-03-18,71246.54,67270.12889164935
2026-03-19,69930.0,66624.40335622993
2026-03-20,70510.73,66354.62128745514
2026-03-21,68918.12,65557.6687042425
2026-03-22,67859.0,65524.1987629944
2026-03-23,,65481.090723682326
2026-03-24,,65229.411154613335
2026-03-25,,65363.97112158987
2026-03-26,,64718.24558616957
2026-03-27,,64448.46351739507
2026-03-28,,63651.51093418278
2026-03-29,,63618.04099293529
2026-03-30,,63574.9329536213
2026-03-31,,63323.253384553005
2026-04-01,,63457.8133515293
2026-04-02,,62812.08781610919
2026-04-03,,62542.30574733597
2026-04-04,,61745.35316412173
2026-04-05,,61711.88322287371
2026-04-06,,61668.77518356275
2026-04-07,,61417.095614492675
2026-04-08,,61551.6555814689
2026-04-09,,60905.930046048816
2026-04-10,,60636.147977275345
2026-04-11,,59839.19539406167
2026-04-12,,59805.72545281461
2026-04-13,,59762.61741350172
2026-04-14,,59510.93784443236
2026-04-15,,59645.49781140832
2026-04-16,,58999.77227598845
2026-04-17,,58729.99020721416
2026-04-18,,57933.03762400162
2026-04-19,,57899.567682753375
2026-04-20,,57856.45964344235
2026-04-21,,57604.78007437302
